threshold,recall,precision
1.0,0.029465930018416207,1.0
0.999999,0.03867403314917127,1.0
0.999998,0.040515653775322284,1.0
0.999997,0.0423572744014733,1.0
0.999996,0.04604051565377532,1.0
0.999995,0.04788213627992634,1.0
0.999994,0.05156537753222836,1.0
0.999993,0.055248618784530384,1.0
0.999992,0.06261510128913444,1.0
0.999991,0.06445672191528545,1.0
0.99999,0.06998158379373849,1.0
0.999989,0.0718232044198895,1.0
0.999986,0.07366482504604052,1.0
0.999985,0.07550644567219153,1.0
0.999984,0.07918968692449356,1.0
0.999981,0.08287292817679558,1.0
0.99998,0.0865561694290976,1.0
0.999976,0.08839779005524862,1.0
0.999973,0.09208103130755065,1.0
0.999972,0.09392265193370165,1.0
0.999968,0.09576427255985268,1.0
0.999966,0.09760589318600368,1.0
0.999965,0.09944751381215469,1.0
0.999963,0.10128913443830571,1.0
0.999959,0.10313075506445672,1.0
0.999956,0.10497237569060773,1.0
0.999954,0.10681399631675875,1.0
0.999948,0.10865561694290976,1.0
0.999944,0.11049723756906077,1.0
0.999938,0.1141804788213628,1.0
0.999937,0.11602209944751381,1.0
0.999936,0.11786372007366483,1.0
0.999934,0.12154696132596685,1.0
0.999932,0.12338858195211787,1.0
0.99993,0.1252302025782689,1.0
0.999929,0.1270718232044199,1.0
0.999927,0.1289134438305709,1.0
0.999922,0.13075506445672191,1.0
0.999912,0.13259668508287292,1.0
0.999906,0.13443830570902393,1.0
0.999902,0.13627992633517497,1.0
0.999899,0.13812154696132597,1.0
0.999886,0.13996316758747698,1.0
0.999864,0.141804788213628,1.0
0.999858,0.143646408839779,1.0
0.999839,0.14548802946593,1.0
0.999831,0.14732965009208104,1.0
0.999823,0.14917127071823205,1.0
0.999812,0.15101289134438306,1.0
0.999806,0.15285451197053407,1.0
0.999804,0.15469613259668508,1.0
0.999783,0.15653775322283608,1.0
0.999772,0.15837937384898712,1.0
0.999769,0.16022099447513813,1.0
0.999766,0.16206261510128914,1.0
0.999757,0.16390423572744015,1.0
0.999753,0.16574585635359115,1.0
0.999743,0.16758747697974216,1.0
0.999715,0.1694290976058932,1.0
0.999709,0.1712707182320442,1.0
0.999675,0.1731123388581952,1.0
0.999659,0.17495395948434622,1.0
0.999624,0.17679558011049723,1.0
0.999609,0.17863720073664824,1.0
0.999606,0.18047882136279927,1.0
0.999591,0.18232044198895028,1.0
0.999572,0.1841620626151013,1.0
0.99955,0.1860036832412523,1.0
0.999506,0.1878453038674033,1.0
0.999498,0.18968692449355432,1.0
0.999449,0.19152854511970535,1.0
0.999433,0.19337016574585636,1.0
0.999416,0.19521178637200737,1.0
0.999371,0.19705340699815838,1.0
0.999326,0.19889502762430938,1.0
0.999253,0.2007366482504604,1.0
0.99922,0.20257826887661143,1.0
0.999217,0.20441988950276244,1.0
0.999112,0.20626151012891344,1.0
0.999097,0.20810313075506445,1.0
0.999093,0.20994475138121546,1.0
0.999065,0.21178637200736647,1.0
0.999056,0.2136279926335175,1.0
0.999014,0.2154696132596685,1.0
0.999007,0.21915285451197053,1.0
0.999003,0.22099447513812154,1.0
0.999001,0.22283609576427257,1.0
0.998928,0.22467771639042358,1.0
0.998851,0.2265193370165746,1.0
0.998789,0.2283609576427256,1.0
0.998739,0.2302025782688766,1.0
0.998696,0.23204419889502761,1.0
0.998608,0.23388581952117865,1.0
0.998536,0.23572744014732966,1.0
0.998519,0.23756906077348067,1.0
0.998495,0.23941068139963168,1.0
0.998369,0.24125230202578268,1.0
0.998353,0.2430939226519337,1.0
0.998306,0.24493554327808473,1.0
0.998285,0.24677716390423574,1.0
0.998278,0.24861878453038674,1.0
0.99827,0.2504604051565378,1.0
0.99826,0.2523020257826888,1.0
0.998237,0.2541436464088398,1.0
0.998207,0.2559852670349908,1.0
0.998196,0.2578268876611418,1.0
0.998162,0.2596685082872928,1.0
0.998057,0.26151012891344383,1.0
0.998019,0.26335174953959484,1.0
0.997999,0.26519337016574585,1.0
0.997962,0.26703499079189685,1.0
0.997888,0.26887661141804786,1.0
0.997864,0.27071823204419887,1.0
0.997829,0.27255985267034993,1.0
0.997673,0.27440147329650094,1.0
0.997666,0.27624309392265195,1.0
0.997652,0.27808471454880296,1.0
0.997633,0.27992633517495397,1.0
0.997626,0.281767955801105,1.0
0.997604,0.283609576427256,1.0
0.997473,0.285451197053407,1.0
0.997435,0.287292817679558,1.0
0.997395,0.289134438305709,1.0
0.996861,0.29097605893186,1.0
0.99681,0.292817679558011,1.0
0.996707,0.2946593001841621,1.0
0.996516,0.2965009208103131,1.0
0.996512,0.2983425414364641,1.0
0.996421,0.3001841620626151,1.0
0.996207,0.3020257826887661,1.0
0.995938,0.30386740331491713,1.0
0.99592,0.30570902394106814,1.0
0.995814,0.30755064456721914,1.0
0.995776,0.30939226519337015,1.0
0.995772,0.31123388581952116,1.0
0.995727,0.31307550644567217,1.0
0.995673,0.3149171270718232,1.0
0.995656,0.31675874769797424,1.0
0.995177,0.31860036832412525,1.0
0.995141,0.32044198895027626,1.0
0.995064,0.32228360957642727,1.0
0.994981,0.3241252302025783,1.0
0.99484,0.3259668508287293,1.0
0.994727,0.3278084714548803,1.0
0.994508,0.3296500920810313,1.0
0.99448,0.3314917127071823,1.0
0.994435,0.3333333333333333,1.0
0.994132,0.3351749539594843,1.0
0.994083,0.3370165745856354,1.0
0.993924,0.3388581952117864,1.0
0.993854,0.3406998158379374,1.0
0.993609,0.3425414364640884,1.0
0.99342,0.3443830570902394,1.0
0.99317,0.3462246777163904,1.0
0.993165,0.34806629834254144,1.0
0.992793,0.34990791896869244,1.0
0.992653,0.35174953959484345,1.0
0.992005,0.35359116022099446,1.0
0.991528,0.35543278084714547,1.0
0.991122,0.3572744014732965,1.0
0.990714,0.35911602209944754,1.0
0.990173,0.36095764272559855,1.0
0.989952,0.36279926335174956,1.0
0.98991,0.36464088397790057,1.0
0.989762,0.3664825046040516,1.0
0.989271,0.3683241252302026,1.0
0.989046,0.3701657458563536,1.0
0.988961,0.3720073664825046,1.0
0.988876,0.3738489871086556,1.0
0.988722,0.3756906077348066,1.0
0.988662,0.3775322283609576,1.0
0.988307,0.37937384898710863,1.0
0.988258,0.3812154696132597,1.0
0.988081,0.3830570902394107,1.0
0.987399,0.3848987108655617,1.0
0.987167,0.3867403314917127,1.0
0.986899,0.3885819521178637,1.0
0.986897,0.39042357274401474,1.0
0.986812,0.39226519337016574,1.0
0.986797,0.39410681399631675,1.0
0.986656,0.39594843462246776,1.0
0.98567,0.39779005524861877,1.0
0.985475,0.3996316758747698,1.0
0.984114,0.4014732965009208,1.0
0.984013,0.40331491712707185,1.0
0.983702,0.40515653775322286,1.0
0.98365,0.40699815837937386,1.0
0.983307,0.4088397790055249,1.0
0.983237,0.4106813996316759,1.0
0.983059,0.4125230202578269,1.0
0.98276,0.4143646408839779,1.0
0.982112,0.4162062615101289,1.0
0.981648,0.4180478821362799,1.0
0.981208,0.4198895027624309,1.0
0.980971,0.42173112338858193,1.0
0.980751,0.42357274401473294,1.0
0.980675,0.425414364640884,1.0
0.980547,0.427255985267035,1.0
0.979552,0.429097605893186,1.0
0.978385,0.430939226519337,1.0
0.977439,0.43278084714548803,1.0
0.977259,0.43462246777163904,1.0
0.977258,0.43646408839779005,1.0
0.977068,0.43830570902394106,1.0
0.976771,0.44014732965009207,1.0
0.976717,0.4419889502762431,1.0
0.976252,0.4438305709023941,1.0
0.976222,0.44567219152854515,1.0
0.97609,0.44751381215469616,1.0
0.975852,0.44935543278084716,1.0
0.975641,0.45119705340699817,1.0
0.975543,0.4530386740331492,1.0
0.97536,0.4548802946593002,1.0
0.973972,0.4567219152854512,1.0
0.973774,0.4585635359116022,1.0
0.973115,0.4604051565377532,1.0
0.972162,0.4622467771639042,1.0
0.972033,0.46408839779005523,1.0
0.970491,0.46593001841620624,1.0
0.970203,0.4677716390423573,1.0
0.969543,0.4696132596685083,1.0
0.969186,0.4714548802946593,1.0
0.967793,0.4732965009208103,1.0
0.967747,0.47513812154696133,1.0
0.967287,0.47697974217311234,1.0
0.967139,0.47882136279926335,1.0
0.96684,0.48066298342541436,1.0
0.965512,0.48250460405156537,1.0
0.963529,0.48250460405156537,0.9961977186311787
0.963292,0.4843462246777164,0.9962121212121212
0.962882,0.4861878453038674,0.9962264150943396
0.962309,0.4880294659300184,0.9962406015037594
0.961813,0.48987108655616945,0.9962546816479401
0.960583,0.49171270718232046,0.996268656716418
0.960141,0.49355432780847147,0.9962825278810409
0.960086,0.4953959484346225,0.9962962962962963
0.959961,0.4972375690607735,0.996309963099631
0.959023,0.4990791896869245,0.9963235294117647
0.957804,0.5009208103130756,0.9963369963369964
0.957473,0.5027624309392266,0.9963503649635036
0.957003,0.5046040515653776,0.9963636363636363
0.956976,0.5064456721915286,0.9963768115942029
0.956465,0.5082872928176796,0.9963898916967509
0.956207,0.5101289134438306,0.9964028776978417
0.954215,0.5119705340699816,0.996415770609319
0.953068,0.5138121546961326,0.9964285714285714
0.951511,0.5156537753222836,0.99644128113879
0.951409,0.5174953959484346,0.9964539007092199
0.951107,0.5193370165745856,0.9964664310954063
0.950854,0.5211786372007366,0.9964788732394366
0.950389,0.5230202578268877,0.9964912280701754
0.949669,0.5248618784530387,0.9965034965034965
0.947697,0.5267034990791897,0.9965156794425087
0.947209,0.5285451197053407,0.9965277777777778
0.946488,0.5303867403314917,0.9965397923875432
0.946328,0.5322283609576427,0.996551724137931
0.946157,0.5340699815837937,0.9965635738831615
0.944394,0.5359116022099447,0.9965753424657534
0.944208,0.5377532228360957,0.9965870307167235
0.943836,0.5395948434622467,0.9965986394557823
0.943624,0.5414364640883977,0.9966101694915255
0.942969,0.5432780847145487,0.9966216216216216
0.942479,0.5451197053406999,0.9966329966329966
0.942477,0.5469613259668509,0.9966442953020134
0.942208,0.5488029465930019,0.9966555183946488
0.941682,0.5506445672191529,0.9966666666666667
0.941115,0.5524861878453039,0.9966777408637874
0.941108,0.5543278084714549,0.9966887417218543
0.940348,0.5561694290976059,0.9966996699669967
0.940091,0.5580110497237569,0.9967105263157895
0.937399,0.5598526703499079,0.9967213114754099
0.93634,0.5616942909760589,0.9967320261437909
0.935554,0.56353591160221,0.996742671009772
0.934835,0.565377532228361,0.9967532467532467
0.934833,0.567219152854512,0.9967637540453075
0.934712,0.569060773480663,0.9967741935483871
0.934127,0.570902394106814,0.9967845659163987
0.933027,0.572744014732965,0.9967948717948718
0.931443,0.574585635359116,0.9968051118210862
0.931141,0.576427255985267,0.9968152866242038
0.930892,0.578268876611418,0.9968253968253968
0.929913,0.580110497237569,0.9968354430379747
0.929796,0.58195211786372,0.9968454258675079
0.926504,0.583793738489871,0.9968553459119497
0.926009,0.585635359116022,0.9968652037617555
0.925745,0.5874769797421732,0.996875
0.925581,0.5893186003683242,0.9968847352024922
0.924521,0.5911602209944752,0.9968944099378882
0.924247,0.5930018416206262,0.9969040247678018
0.924225,0.5948434622467772,0.9969135802469136
0.923892,0.5966850828729282,0.9969230769230769
0.923643,0.5985267034990792,0.9969325153374233
0.923605,0.6003683241252302,0.9969418960244648
0.923564,0.6022099447513812,0.9969512195121951
0.920459,0.6040515653775322,0.9969604863221885
0.918261,0.6058931860036832,0.996969696969697
0.916378,0.6077348066298343,0.9969788519637462
0.915427,0.6095764272559853,0.9969879518072289
0.913195,0.6114180478821363,0.996996996996997
0.91227,0.6132596685082873,0.9970059880239521
0.912099,0.6151012891344383,0.9970149253731343
0.912081,0.6169429097605893,0.9970238095238095
0.911942,0.6187845303867403,0.9970326409495549
0.911806,0.6206261510128913,0.9970414201183432
0.911161,0.6224677716390423,0.9970501474926253
0.910148,0.6243093922651933,0.9970588235294118
0.91004,0.6261510128913443,0.9970674486803519
0.909864,0.6279926335174953,0.9970760233918129
0.909079,0.6298342541436464,0.9970845481049563
0.908249,0.6316758747697975,0.997093023255814
0.907725,0.6335174953959485,0.9971014492753624
0.904002,0.6353591160220995,0.9971098265895953
0.90238,0.6372007366482505,0.9971181556195965
0.901914,0.6390423572744015,0.9971264367816092
0.901886,0.6408839779005525,0.997134670487106
0.901872,0.6427255985267035,0.9971428571428571
0.901522,0.6427255985267035,0.9943019943019943
0.896815,0.6445672191528545,0.9943181818181818
0.896573,0.6464088397790055,0.9943342776203966
0.893009,0.6464088397790055,0.9915254237288136
0.889681,0.6482504604051565,0.9915492957746479
0.88914,0.6500920810313076,0.9915730337078652
0.88843,0.6519337016574586,0.9915966386554622
0.88625,0.6537753222836096,0.9916201117318436
0.886127,0.6556169429097606,0.9916434540389972
0.884997,0.6574585635359116,0.9916666666666667
0.882185,0.6593001841620626,0.9916897506925207
0.881725,0.6611418047882136,0.9917127071823204
0.878506,0.6629834254143646,0.9917355371900827
0.87793,0.6648250460405156,0.9917582417582418
0.877301,0.6666666666666666,0.9917808219178083
0.876301,0.6685082872928176,0.9918032786885246
0.875678,0.6703499079189686,0.9918256130790191
0.875267,0.6721915285451197,0.9918478260869565
0.874761,0.6740331491712708,0.991869918699187
0.873102,0.6758747697974218,0.9918918918918919
0.869779,0.6758747697974218,0.9892183288409704
0.869076,0.6777163904235728,0.989247311827957
0.868778,0.6795580110497238,0.9892761394101877
0.868675,0.6813996316758748,0.9893048128342246
0.866527,0.6832412523020258,0.9893333333333333
0.866509,0.6850828729281768,0.9893617021276596
0.864399,0.6869244935543278,0.9893899204244032
0.864308,0.6887661141804788,0.9894179894179894
0.863095,0.6887661141804788,0.9868073878627969
0.860278,0.6906077348066298,0.9868421052631579
0.859287,0.6924493554327809,0.9868766404199475
0.858312,0.6942909760589319,0.9869109947643979
0.857763,0.6961325966850829,0.9869451697127938
0.857683,0.6961325966850829,0.984375
0.856237,0.6979742173112339,0.9844155844155844
0.855365,0.6998158379373849,0.9844559585492227
0.852851,0.7016574585635359,0.9844961240310077
0.852753,0.7034990791896869,0.9845360824742269
0.852443,0.7053406998158379,0.9845758354755784
0.848365,0.7071823204419889,0.9846153846153847
0.847885,0.7090239410681399,0.9846547314578005
0.845296,0.7108655616942909,0.9846938775510204
0.845056,0.712707182320442,0.9847328244274809
0.844124,0.714548802946593,0.9847715736040609
0.843259,0.716390423572744,0.9848101265822785
0.842101,0.7182320441988951,0.9848484848484849
0.840339,0.7200736648250461,0.9848866498740554
0.839629,0.7219152854511971,0.9849246231155779
0.835937,0.7237569060773481,0.9849624060150376
0.834965,0.7255985267034991,0.985
0.834584,0.7255985267034991,0.9825436408977556
0.832527,0.7274401473296501,0.9825870646766169
0.83117,0.7292817679558011,0.9826302729528535
0.828926,0.7311233885819521,0.9826732673267327
0.828555,0.7329650092081031,0.9827160493827161
0.825778,0.7329650092081031,0.9802955665024631
0.820603,0.7329650092081031,0.9778869778869779
0.816016,0.7348066298342542,0.9779411764705882
0.815833,0.7366482504604052,0.9779951100244498
0.814799,0.7384898710865562,0.9780487804878049
0.809773,0.7403314917127072,0.9781021897810219
0.804863,0.7421731123388582,0.9781553398058253
0.80154,0.7440147329650092,0.9782082324455206
0.797592,0.7458563535911602,0.9782608695652174
0.795563,0.7458563535911602,0.9759036144578314
0.794214,0.7476979742173112,0.9759615384615384
0.790604,0.7495395948434622,0.9760191846522782
0.789935,0.7513812154696132,0.9760765550239234
0.787957,0.7513812154696132,0.9737470167064439
0.783758,0.7532228360957642,0.9738095238095238
0.782208,0.7550644567219152,0.9738717339667459
0.779939,0.7550644567219152,0.9715639810426541
0.779279,0.7569060773480663,0.9716312056737588
0.778109,0.7587476979742173,0.9716981132075472
0.777152,0.7605893186003683,0.971764705882353
0.775597,0.7624309392265194,0.971830985915493
0.77102,0.7642725598526704,0.9718969555035128
0.764035,0.7661141804788214,0.9719626168224299
0.757508,0.7679558011049724,0.972027972027972
0.754888,0.7697974217311234,0.9720930232558139
0.752774,0.7697974217311234,0.9698375870069605
0.747294,0.7716390423572744,0.9699074074074074
0.744883,0.7734806629834254,0.9699769053117783
0.742432,0.7753222836095764,0.9700460829493087
0.739449,0.7771639042357275,0.9701149425287356
0.73656,0.7790055248618785,0.9701834862385321
0.734321,0.7790055248618785,0.9679633867276888
0.733826,0.7790055248618785,0.9657534246575342
0.731603,0.7790055248618785,0.9635535307517085
0.731531,0.7808471454880295,0.9636363636363636
0.728519,0.7808471454880295,0.9614512471655329
0.728234,0.7826887661141805,0.9615384615384616
0.727487,0.7845303867403315,0.9616252821670429
0.718976,0.7863720073664825,0.9617117117117117
0.71776,0.7882136279926335,0.9617977528089887
0.715496,0.7900552486187845,0.9618834080717489
0.71309,0.7918968692449355,0.9619686800894854
0.713005,0.7937384898710865,0.9620535714285714
0.712329,0.7955801104972375,0.9621380846325167
0.711997,0.7974217311233885,0.9622222222222222
0.711829,0.7992633517495396,0.9623059866962306
0.711118,0.8011049723756906,0.9623893805309734
0.710301,0.8029465930018416,0.9624724061810155
0.706734,0.8029465930018416,0.960352422907489
0.705102,0.8047882136279927,0.9604395604395605
0.694393,0.8066298342541437,0.9605263157894737
0.692361,0.8084714548802947,0.9606126914660832
0.687426,0.8103130755064457,0.9606986899563319
0.686768,0.8121546961325967,0.9607843137254902
0.684547,0.8121546961325967,0.9586956521739131
0.669881,0.8121546961325967,0.9566160520607375
0.666391,0.8139963167587477,0.9567099567099567
0.664167,0.8158379373848987,0.9568034557235421
0.658598,0.8176795580110497,0.9568965517241379
0.648066,0.8176795580110497,0.9548387096774194
0.647849,0.8176795580110497,0.9527896995708155
0.645764,0.8176795580110497,0.9507494646680942
0.636163,0.8195211786372008,0.9508547008547008
0.634336,0.8213627992633518,0.9509594882729211
0.634159,0.8232044198895028,0.951063829787234
0.633236,0.8232044198895028,0.9490445859872612
0.629926,0.8250460405156538,0.9491525423728814
0.616402,0.8268876611418048,0.9492600422832981
0.615784,0.8268876611418048,0.9472573839662447
0.61494,0.8287292817679558,0.9473684210526315
0.608515,0.8305709023941068,0.9474789915966386
0.605417,0.8324125230202578,0.9475890985324947
0.603134,0.8342541436464088,0.9476987447698745
0.602503,0.8360957642725598,0.9478079331941545
0.600383,0.8379373848987108,0.9479166666666666
0.599264,0.8379373848987108,0.9459459459459459
0.596969,0.8379373848987108,0.9439834024896265
0.596964,0.8397790055248618,0.9440993788819876
0.595054,0.8416206261510129,0.9442148760330579
0.594524,0.8434622467771639,0.9443298969072165
0.594091,0.8453038674033149,0.9444444444444444
0.589026,0.8471454880294659,0.944558521560575
0.585416,0.848987108655617,0.944672131147541
0.581902,0.850828729281768,0.9447852760736196
0.571031,0.850828729281768,0.9428571428571428
0.570267,0.850828729281768,0.9409368635437881
0.569917,0.852670349907919,0.9410569105691057
0.568184,0.85451197053407,0.9411764705882353
0.567906,0.856353591160221,0.9412955465587044
0.565802,0.858195211786372,0.9414141414141414
0.563788,0.860036832412523,0.9415322580645161
0.560939,0.860036832412523,0.9396378269617707
0.558773,0.860036832412523,0.9377510040160643
0.558404,0.861878453038674,0.9378757515030061
0.554306,0.861878453038674,0.936
0.55209,0.8637200736648251,0.936127744510978
0.549847,0.8655616942909761,0.9362549800796812
0.549819,0.8674033149171271,0.9363817097415507
0.54649,0.8674033149171271,0.9345238095238095
0.545659,0.8692449355432781,0.9346534653465347
0.545614,0.8710865561694291,0.9347826086956522
0.541904,0.8729281767955801,0.9349112426035503
0.540702,0.8747697974217311,0.9350393700787402
0.537719,0.8766114180478821,0.9351669941060904
0.532818,0.8784530386740331,0.9352941176470588
0.531291,0.8802946593001841,0.9354207436399217
0.528644,0.8802946593001841,0.93359375
0.525701,0.8802946593001841,0.9317738791423001
0.523858,0.8802946593001841,0.9299610894941635
0.522952,0.8821362799263351,0.9300970873786408
0.521749,0.8821362799263351,0.9282945736434108
0.520706,0.8839779005524862,0.9284332688588007
0.513686,0.8839779005524862,0.9266409266409267
0.512289,0.8858195211786372,0.9267822736030829
0.508803,0.8858195211786372,0.925
0.508743,0.8876611418047882,0.9251439539347409
0.508665,0.8895027624309392,0.9252873563218391
0.507884,0.8895027624309392,0.9235181644359465
0.507793,0.8895027624309392,0.9217557251908397
0.507209,0.8913443830570903,0.9219047619047619
0.50437,0.8931860036832413,0.9220532319391636
0.500344,0.8950276243093923,0.9222011385199241
0.49205,0.8950276243093923,0.9204545454545454
0.491729,0.8968692449355433,0.9206049149338374
0.490042,0.8968692449355433,0.9188679245283019
0.489509,0.8968692449355433,0.9171374764595104
0.488312,0.8968692449355433,0.9154135338345865
0.487314,0.8968692449355433,0.9136960600375235
0.483254,0.8987108655616943,0.9138576779026217
0.483233,0.8987108655616943,0.9121495327102803
0.475983,0.9005524861878453,0.9123134328358209
0.471143,0.9005524861878453,0.9106145251396648
0.459239,0.9005524861878453,0.9089219330855018
0.457488,0.9023941068139963,0.9090909090909091
0.456342,0.9023941068139963,0.9074074074074074
0.44564,0.9023941068139963,0.9057301293900185
0.438029,0.9042357274401474,0.9059040590405905
0.43617,0.9060773480662984,0.9060773480662984
0.435695,0.9060773480662984,0.9044117647058824
0.435004,0.9079189686924494,0.9045871559633027
0.433288,0.9097605893186004,0.9047619047619048
0.431831,0.9097605893186004,0.903107861060329
0.425118,0.9116022099447514,0.9032846715328468
0.424298,0.9134438305709024,0.9034608378870674
0.418287,0.9152854511970534,0.9036363636363637
0.417486,0.9152854511970534,0.9019963702359347
0.414695,0.9171270718232044,0.9021739130434783
0.405358,0.9189686924493554,0.9023508137432188
0.404335,0.9189686924493554,0.9007220216606499
0.40263,0.9208103130755064,0.9009009009009009
0.396616,0.9226519337016574,0.9010791366906474
0.395049,0.9226519337016574,0.8994614003590664
0.392838,0.9244935543278084,0.899641577060932
0.389342,0.9244935543278084,0.8980322003577818
0.388877,0.9263351749539595,0.8982142857142857
0.386328,0.9263351749539595,0.8966131907308378
0.384968,0.9281767955801105,0.896797153024911
0.382856,0.9281767955801105,0.8952042628774423
0.380418,0.9300184162062615,0.8953900709219859
0.379012,0.9318600368324125,0.8955752212389381
0.375475,0.9318600368324125,0.8939929328621908
0.372674,0.9318600368324125,0.892416225749559
0.369855,0.9337016574585635,0.8926056338028169
0.363947,0.9355432780847146,0.8927943760984183
0.363754,0.9355432780847146,0.8912280701754386
0.361267,0.9355432780847146,0.8896672504378283
0.359672,0.9355432780847146,0.8881118881118881
0.357865,0.9355432780847146,0.8865619546247818
0.352555,0.9355432780847146,0.8850174216027874
0.35168,0.9373848987108656,0.8852173913043478
0.34829,0.9373848987108656,0.8836805555555556
0.344823,0.9373848987108656,0.8821490467937608
0.34167,0.9373848987108656,0.8806228373702422
0.33981,0.9373848987108656,0.8791018998272885
0.338553,0.9373848987108656,0.8775862068965518
0.336836,0.9373848987108656,0.8760757314974182
0.336606,0.9392265193370166,0.8762886597938144
0.335936,0.9392265193370166,0.8747855917667239
0.332289,0.9392265193370166,0.8732876712328768
0.327669,0.9392265193370166,0.8717948717948718
0.326272,0.9392265193370166,0.8703071672354948
0.321006,0.9392265193370166,0.868824531516184
0.319637,0.9392265193370166,0.8673469387755102
0.319482,0.9392265193370166,0.865874363327674
0.318627,0.9410681399631676,0.8661016949152542
0.318211,0.9429097605893186,0.8663282571912013
0.317512,0.9429097605893186,0.8648648648648649
0.317408,0.9429097605893186,0.863406408094435
0.316127,0.9429097605893186,0.8619528619528619
0.315377,0.9429097605893186,0.8605042016806723
0.31521,0.9429097605893186,0.8590604026845637
0.306982,0.9429097605893186,0.8576214405360134
0.306749,0.9429097605893186,0.8561872909698997
0.303843,0.9429097605893186,0.8547579298831386
0.303708,0.9447513812154696,0.855
0.29759,0.9465930018416207,0.8552412645590682
0.294185,0.9465930018416207,0.8538205980066446
0.292285,0.9465930018416207,0.8524046434494196
0.291567,0.9465930018416207,0.8509933774834437
0.291545,0.9465930018416207,0.8495867768595041
0.290184,0.9465930018416207,0.8481848184818482
0.288829,0.9465930018416207,0.8467874794069192
0.286127,0.9465930018416207,0.8453947368421053
0.284427,0.9484346224677717,0.8456486042692939
0.283112,0.9484346224677717,0.8442622950819673
0.28227,0.9484346224677717,0.8428805237315876
0.282223,0.9502762430939227,0.8431372549019608
0.278367,0.9502762430939227,0.8417618270799347
0.278032,0.9502762430939227,0.8403908794788274
0.277743,0.9502762430939227,0.8390243902439024
0.277513,0.9521178637200737,0.8392857142857143
0.277058,0.9539594843462247,0.839546191247974
0.272039,0.9539594843462247,0.8381877022653722
0.270444,0.9558011049723757,0.8384491114701131
0.265336,0.9576427255985267,0.8387096774193549
0.258117,0.9576427255985267,0.8373590982286635
0.255629,0.9576427255985267,0.8360128617363344
0.255358,0.9576427255985267,0.8346709470304976
0.253146,0.9576427255985267,0.8333333333333334
0.252159,0.9594843462246777,0.8336
0.249462,0.9594843462246777,0.8322683706070287
0.248384,0.9594843462246777,0.8309409888357256
0.245865,0.9594843462246777,0.8296178343949044
0.24576,0.9594843462246777,0.8282988871224165
0.245627,0.9594843462246777,0.8269841269841269
0.241995,0.9594843462246777,0.8256735340729001
0.241032,0.9594843462246777,0.8243670886075949
0.23784,0.9594843462246777,0.8230647709320695
0.237784,0.9594843462246777,0.8217665615141956
0.237002,0.9594843462246777,0.8204724409448819
0.234386,0.9594843462246777,0.8191823899371069
0.233366,0.9594843462246777,0.8178963893249608
0.232964,0.9594843462246777,0.8166144200626959
0.232539,0.9594843462246777,0.8153364632237872
0.231374,0.9594843462246777,0.8140625
0.23114,0.9594843462246777,0.8127925117004681
0.228026,0.9594843462246777,0.8115264797507789
0.224771,0.9594843462246777,0.8102643856920684
0.221936,0.9613259668508287,0.8105590062111802
0.220775,0.9613259668508287,0.8093023255813954
0.220664,0.9613259668508287,0.8080495356037152
0.219919,0.9613259668508287,0.8068006182380216
0.218093,0.9613259668508287,0.8055555555555556
0.217369,0.9613259668508287,0.8043143297380585
0.213994,0.9613259668508287,0.803076923076923
0.213708,0.9613259668508287,0.8018433179723502
0.212231,0.9613259668508287,0.8006134969325154
0.212174,0.9613259668508287,0.7993874425727412
0.212018,0.9631675874769797,0.7996941896024465
0.211043,0.9631675874769797,0.7984732824427481
0.211029,0.9631675874769797,0.7972560975609756
0.209006,0.9631675874769797,0.7960426179604262
0.206467,0.9650092081031307,0.7963525835866262
0.206371,0.9650092081031307,0.795144157814871
0.202889,0.9650092081031307,0.793939393939394
0.202555,0.9650092081031307,0.7927382753403933
0.201506,0.9650092081031307,0.7915407854984894
0.200192,0.9650092081031307,0.7903469079939668
0.199527,0.9650092081031307,0.7891566265060241
0.198376,0.9650092081031307,0.7879699248120301
0.196033,0.9650092081031307,0.7867867867867868
0.195623,0.9650092081031307,0.7856071964017991
0.195367,0.9650092081031307,0.7844311377245509
0.194039,0.9650092081031307,0.7832585949177877
0.19352,0.9650092081031307,0.7820895522388059
0.191781,0.9650092081031307,0.7809239940387481
0.190531,0.9668508287292817,0.78125
0.190491,0.9668508287292817,0.7800891530460624
0.190112,0.9668508287292817,0.7789317507418397
0.187551,0.9668508287292817,0.7777777777777778
0.187203,0.9668508287292817,0.7766272189349113
0.187119,0.9668508287292817,0.7754800590841949
0.187036,0.9668508287292817,0.7743362831858407
0.184294,0.9686924493554327,0.7746686303387335
0.184073,0.9686924493554327,0.7735294117647059
0.182371,0.9686924493554327,0.7723935389133627
0.180606,0.9686924493554327,0.7712609970674487
0.180129,0.9705340699815838,0.7715959004392386
0.179817,0.9705340699815838,0.77046783625731
0.177824,0.9705340699815838,0.7693430656934307
0.174314,0.9705340699815838,0.7682215743440233
0.172903,0.9705340699815838,0.7671033478893741
0.172754,0.9705340699815838,0.7659883720930233
0.171558,0.9705340699815838,0.7648766328011611
0.170493,0.9705340699815838,0.763768115942029
0.170004,0.9705340699815838,0.7626628075253257
0.168456,0.9723756906077348,0.7630057803468208
0.168413,0.9723756906077348,0.7619047619047619
0.165141,0.9723756906077348,0.760806916426513
0.163414,0.9742173112338858,0.7611510791366907
0.161862,0.9742173112338858,0.7600574712643678
0.160792,0.9742173112338858,0.7589670014347202
0.15958,0.9742173112338858,0.7578796561604585
0.157731,0.9742173112338858,0.7567954220314735
0.157624,0.9760589318600368,0.7571428571428571
0.156693,0.9779005524861878,0.7574893009985735
0.156584,0.9779005524861878,0.7564102564102564
0.154864,0.9779005524861878,0.7553342816500711
0.153453,0.9779005524861878,0.7542613636363636
0.152826,0.9779005524861878,0.7531914893617021
0.151504,0.9779005524861878,0.7521246458923513
0.151397,0.9797421731123389,0.7524752475247525
0.149549,0.9797421731123389,0.751412429378531
0.149456,0.9797421731123389,0.7503526093088858
0.148251,0.9797421731123389,0.7492957746478873
0.147848,0.9797421731123389,0.7482419127988749
0.147167,0.9797421731123389,0.7471910112359551
0.146978,0.9797421731123389,0.7461430575035063
0.146762,0.9797421731123389,0.7450980392156863
0.146199,0.9797421731123389,0.7440559440559441
0.145226,0.9797421731123389,0.7430167597765364
0.145089,0.9797421731123389,0.7419804741980475
0.144609,0.9797421731123389,0.7409470752089137
0.144507,0.9797421731123389,0.7399165507649513
0.144059,0.9797421731123389,0.7388888888888889
0.140396,0.9797421731123389,0.7378640776699029
0.14004,0.9815837937384899,0.7382271468144044
0.13961,0.9815837937384899,0.7372060857538036
0.139384,0.9815837937384899,0.7361878453038674
0.138494,0.9815837937384899,0.7351724137931035
0.138122,0.9815837937384899,0.7341597796143251
0.135761,0.9815837937384899,0.7331499312242091
0.134069,0.9815837937384899,0.7321428571428571
0.133577,0.9815837937384899,0.7311385459533608
0.132558,0.9815837937384899,0.7301369863013699
0.131274,0.9815837937384899,0.7291381668946648
0.130825,0.9815837937384899,0.7281420765027322
0.130565,0.9815837937384899,0.7271487039563438
0.128356,0.9815837937384899,0.726158038147139
0.128078,0.9815837937384899,0.7251700680272108
0.12793,0.9815837937384899,0.7241847826086957
0.127264,0.9815837937384899,0.723202170963365
0.125725,0.9815837937384899,0.7222222222222222
0.125559,0.9815837937384899,0.7212449255751014
0.123647,0.9815837937384899,0.7202702702702702
0.122507,0.9834254143646409,0.7206477732793523
0.121383,0.9834254143646409,0.7196765498652291
0.121101,0.9834254143646409,0.7187079407806191
0.120779,0.9834254143646409,0.717741935483871
0.12061,0.9834254143646409,0.7167785234899329
0.120576,0.9834254143646409,0.7158176943699732
0.120509,0.9834254143646409,0.714859437751004
0.120146,0.9834254143646409,0.713903743315508
0.119861,0.9834254143646409,0.7129506008010681
0.118878,0.9834254143646409,0.712
0.118301,0.9834254143646409,0.711051930758988
0.118125,0.9834254143646409,0.7101063829787234
0.117329,0.9834254143646409,0.7091633466135459
0.117144,0.9834254143646409,0.7082228116710876
0.116753,0.9834254143646409,0.7072847682119205
0.115357,0.9834254143646409,0.7063492063492064
0.113784,0.9834254143646409,0.7054161162483488
0.11376,0.9834254143646409,0.7044854881266491
0.112274,0.9834254143646409,0.7035573122529645
0.111667,0.9834254143646409,0.7026315789473684
0.111599,0.9834254143646409,0.7017082785808147
0.110906,0.9834254143646409,0.7007874015748031
0.109978,0.9834254143646409,0.6998689384010485
0.108458,0.9834254143646409,0.6989528795811518
0.107858,0.9834254143646409,0.6980392156862745
0.107596,0.9834254143646409,0.6971279373368147
0.107417,0.9834254143646409,0.6962190352020861
0.107219,0.9834254143646409,0.6953125
0.104046,0.9834254143646409,0.694408322496749
0.103409,0.9834254143646409,0.6935064935064935
0.103293,0.9834254143646409,0.6926070038910506
0.10153,0.9834254143646409,0.6917098445595855
0.10102,0.9834254143646409,0.6908150064683053
0.100525,0.9834254143646409,0.689922480620155
0.100136,0.9834254143646409,0.6890322580645162
0.098967,0.9834254143646409,0.6881443298969072
0.098612,0.9834254143646409,0.6872586872586872
0.098044,0.9834254143646409,0.6863753213367609
0.097396,0.9834254143646409,0.6854942233632862
0.097313,0.9834254143646409,0.6846153846153846
0.096138,0.9834254143646409,0.6837387964148528
0.095455,0.9834254143646409,0.6828644501278772
0.095089,0.9834254143646409,0.6819923371647509
0.093474,0.9834254143646409,0.6811224489795918
0.093202,0.9834254143646409,0.6802547770700637
0.089786,0.9834254143646409,0.6793893129770993
0.089417,0.9834254143646409,0.6785260482846251
0.08805,0.9834254143646409,0.6776649746192893
0.087788,0.9834254143646409,0.6768060836501901
0.086305,0.9834254143646409,0.6759493670886076
0.086246,0.9834254143646409,0.6750948166877371
0.08432,0.9834254143646409,0.6742424242424242
0.083899,0.9834254143646409,0.6733921815889029
0.083441,0.9834254143646409,0.672544080604534
0.083056,0.9834254143646409,0.6716981132075471
0.082732,0.9834254143646409,0.6708542713567839
0.081125,0.9834254143646409,0.6700125470514429
0.079818,0.9852670349907919,0.6704260651629073
0.079334,0.9852670349907919,0.6695869837296621
0.079143,0.9852670349907919,0.66875
0.078978,0.9852670349907919,0.6679151061173533
0.07889,0.9852670349907919,0.6670822942643392
0.078531,0.9852670349907919,0.6662515566625156
0.078359,0.9852670349907919,0.6654228855721394
0.078207,0.9852670349907919,0.6645962732919255
0.077614,0.9852670349907919,0.6637717121588089
0.077465,0.9852670349907919,0.6629491945477075
0.077421,0.9852670349907919,0.6621287128712872
0.077408,0.9852670349907919,0.6613102595797281
0.077238,0.9852670349907919,0.6604938271604939
0.076763,0.9852670349907919,0.6596794081381011
0.076758,0.9852670349907919,0.6588669950738916
0.076496,0.9852670349907919,0.6580565805658056
0.076237,0.9852670349907919,0.6572481572481572
0.075674,0.9852670349907919,0.656441717791411
0.075255,0.9852670349907919,0.6556372549019608
0.073995,0.9852670349907919,0.6548347613219094
0.07363,0.9852670349907919,0.6540342298288508
0.073539,0.9852670349907919,0.6532356532356532
0.073111,0.9852670349907919,0.6524390243902439
0.072451,0.9852670349907919,0.6516443361753959
0.071597,0.9852670349907919,0.6508515815085159
0.071327,0.9852670349907919,0.6500607533414338
0.070823,0.9852670349907919,0.6492718446601942
0.070278,0.9852670349907919,0.6484848484848484
0.069915,0.9871086556169429,0.648910411622276
0.069818,0.9871086556169429,0.6481257557436517
0.069642,0.9871086556169429,0.6473429951690821
0.069519,0.9871086556169429,0.646562123039807
0.069391,0.9871086556169429,0.6457831325301204
0.06927,0.9871086556169429,0.6450060168471721
0.067314,0.9871086556169429,0.6442307692307693
0.067188,0.9871086556169429,0.6434573829531812
0.066625,0.9871086556169429,0.6426858513189448
0.066533,0.9871086556169429,0.6419161676646706
0.065757,0.988950276243094,0.6423444976076556
0.065702,0.988950276243094,0.6415770609318996
0.065604,0.988950276243094,0.6408114558472554
0.064857,0.988950276243094,0.6400476758045291
0.06466,0.988950276243094,0.6392857142857142
0.064317,0.988950276243094,0.638525564803805
0.064175,0.988950276243094,0.6377672209026128
0.063998,0.988950276243094,0.6370106761565836
0.063084,0.988950276243094,0.6362559241706162
0.062866,0.990791896869245,0.6366863905325444
0.062749,0.990791896869245,0.6359338061465721
0.062583,0.990791896869245,0.6351829988193625
0.062542,0.990791896869245,0.6344339622641509
0.062518,0.990791896869245,0.6336866902237926
0.061107,0.990791896869245,0.6329411764705882
0.060931,0.990791896869245,0.6321974148061105
0.060819,0.990791896869245,0.6314553990610329
0.06066,0.990791896869245,0.6307151230949589
0.060655,0.990791896869245,0.629976580796253
0.060332,0.990791896869245,0.6292397660818714
0.060271,0.990791896869245,0.6285046728971962
0.058967,0.990791896869245,0.6277712952158693
0.058646,0.990791896869245,0.627039627039627
0.058235,0.990791896869245,0.6263096623981373
0.058153,0.990791896869245,0.6255813953488372
0.057682,0.990791896869245,0.6248548199767712
0.057538,0.990791896869245,0.6241299303944315
0.057014,0.990791896869245,0.6234067207415991
0.056589,0.990791896869245,0.6226851851851852
0.056406,0.990791896869245,0.6219653179190752
0.056149,0.990791896869245,0.6212471131639723
0.05598,0.990791896869245,0.6205305651672434
0.055806,0.990791896869245,0.619815668202765
0.055618,0.990791896869245,0.619102416570771
0.055576,0.990791896869245,0.6183908045977011
0.054708,0.990791896869245,0.6176808266360505
0.054458,0.990791896869245,0.6169724770642202
0.054446,0.990791896869245,0.6162657502863689
0.053853,0.990791896869245,0.6155606407322655
0.053228,0.990791896869245,0.6148571428571429
0.052977,0.990791896869245,0.6141552511415526
0.052895,0.990791896869245,0.61345496009122
0.052167,0.990791896869245,0.6127562642369021
0.051867,0.990791896869245,0.6120591581342435
0.051678,0.990791896869245,0.6113636363636363
0.051014,0.990791896869245,0.6106696935300795
0.05067,0.990791896869245,0.6099773242630385
0.049117,0.990791896869245,0.609286523216308
0.048909,0.992633517495396,0.6097285067873304
0.048585,0.992633517495396,0.6090395480225989
0.048502,0.992633517495396,0.608352144469526
0.048019,0.992633517495396,0.6076662908680946
0.047881,0.992633517495396,0.6069819819819819
0.04752,0.992633517495396,0.6062992125984252
0.047391,0.992633517495396,0.6056179775280899
0.046675,0.992633517495396,0.6049382716049383
0.045404,0.992633517495396,0.6042600896860987
0.045335,0.992633517495396,0.6035834266517357
0.045239,0.992633517495396,0.6029082774049217
0.044959,0.992633517495396,0.6022346368715084
0.044443,0.992633517495396,0.6015625
0.044278,0.992633517495396,0.600891861761427
0.044116,0.992633517495396,0.6002227171492205
0.04408,0.992633517495396,0.5995550611790879
0.043911,0.992633517495396,0.5988888888888889
0.043702,0.992633517495396,0.5982241953385128
0.043611,0.992633517495396,0.5975609756097561
0.043288,0.992633517495396,0.5968992248062015
0.042883,0.992633517495396,0.5962389380530974
0.042872,0.992633517495396,0.5955801104972376
0.042677,0.992633517495396,0.5949227373068433
0.042385,0.992633517495396,0.5942668136714443
0.042024,0.992633517495396,0.5936123348017621
0.041593,0.992633517495396,0.592959295929593
0.04148,0.992633517495396,0.5923076923076923
0.041048,0.992633517495396,0.5916575192096597
0.040679,0.992633517495396,0.5910087719298246
0.040178,0.994475138121547,0.5914567360350493
0.039876,0.994475138121547,0.5908096280087527
0.039731,0.994475138121547,0.5901639344262295
0.039698,0.994475138121547,0.5895196506550219
0.038859,0.994475138121547,0.5888767720828789
0.038652,0.994475138121547,0.5882352941176471
0.038493,0.994475138121547,0.5875952121871599
0.038407,0.994475138121547,0.5869565217391305
0.038382,0.994475138121547,0.5863192182410424
0.037052,0.994475138121547,0.5856832971800434
0.036953,0.994475138121547,0.5850487540628385
0.036865,0.994475138121547,0.5844155844155844
0.036747,0.994475138121547,0.5837837837837838
0.03674,0.994475138121547,0.5831533477321814
0.036398,0.994475138121547,0.5825242718446602
0.036199,0.994475138121547,0.5818965517241379
0.03616,0.996316758747698,0.5823466092572659
0.035168,0.996316758747698,0.5817204301075268
0.034754,0.996316758747698,0.5810955961331902
0.034732,0.996316758747698,0.5804721030042919
0.034695,0.996316758747698,0.579849946409432
0.032395,0.996316758747698,0.5792291220556746
0.031888,0.996316758747698,0.5786096256684492
0.031829,0.996316758747698,0.5779914529914529
0.031766,0.996316758747698,0.5773745997865528
0.031721,0.996316758747698,0.5767590618336887
0.031703,0.996316758747698,0.5761448349307774
0.031635,0.996316758747698,0.575531914893617
0.031543,0.996316758747698,0.5749202975557917
0.031539,0.996316758747698,0.5743099787685775
0.03151,0.996316758747698,0.5737009544008483
0.030171,0.996316758747698,0.573093220338983
0.030103,0.996316758747698,0.5724867724867725
0.029377,0.996316758747698,0.5718816067653277
0.028458,0.996316758747698,0.5712777191129884
0.028288,0.996316758747698,0.570675105485232
0.028158,0.996316758747698,0.5700737618545838
0.028006,0.996316758747698,0.5694736842105264
0.027277,0.996316758747698,0.5688748685594112
0.027268,0.996316758747698,0.5682773109243697
0.027236,0.996316758747698,0.5676810073452256
0.027091,0.996316758747698,0.5670859538784067
0.026988,0.998158379373849,0.5675392670157068
0.026305,0.998158379373849,0.5669456066945606
0.026155,0.998158379373849,0.5663531870428422
0.026114,0.998158379373849,0.5657620041753654
0.025955,0.998158379373849,0.5651720542231491
0.025868,0.998158379373849,0.5645833333333333
0.025571,0.998158379373849,0.5639958376690947
0.025277,0.998158379373849,0.5634095634095634
0.024344,0.998158379373849,0.5628245067497404
0.02426,0.998158379373849,0.5622406639004149
0.024091,0.998158379373849,0.5616580310880829
0.02406,0.998158379373849,0.5610766045548654
0.023855,0.998158379373849,0.5604963805584281
0.023852,0.998158379373849,0.5599173553719008
0.023802,0.998158379373849,0.5593395252837977
0.023726,0.998158379373849,0.5587628865979382
0.023421,0.998158379373849,0.5581874356333677
0.023346,0.998158379373849,0.5576131687242798
0.0229,0.998158379373849,0.5570400822199383
0.022579,0.998158379373849,0.5564681724845996
0.022353,0.998158379373849,0.5558974358974359
0.022198,0.998158379373849,0.555327868852459
0.021873,0.998158379373849,0.5547594677584442
0.021817,0.998158379373849,0.5541922290388548
0.021574,0.998158379373849,0.5536261491317671
0.021359,0.998158379373849,0.5530612244897959
0.021304,0.998158379373849,0.5524974515800204
0.021153,0.998158379373849,0.5519348268839104
0.020078,0.998158379373849,0.5513733468972533
0.019979,0.998158379373849,0.5508130081300813
0.019941,0.998158379373849,0.550253807106599
0.019906,0.998158379373849,0.5496957403651116
0.019779,0.998158379373849,0.5491388044579534
0.019586,0.998158379373849,0.548582995951417
0.019323,0.998158379373849,0.5480283114256825
0.019199,0.998158379373849,0.5474747474747474
0.018849,0.998158379373849,0.5469223007063572
0.018707,0.998158379373849,0.5463709677419355
0.018449,0.998158379373849,0.5458207452165156
0.017998,0.998158379373849,0.545271629778672
0.01787,0.998158379373849,0.5447236180904522
0.017696,0.998158379373849,0.5441767068273092
0.017102,0.998158379373849,0.5436308926780341
0.017002,0.998158379373849,0.5430861723446894
0.01665,0.998158379373849,0.5425425425425425
0.016566,0.998158379373849,0.542
0.016511,0.998158379373849,0.5414585414585414
0.016363,0.998158379373849,0.5409181636726547
0.01591,0.998158379373849,0.5403788634097707
0.015549,0.998158379373849,0.5398406374501992
0.015522,0.998158379373849,0.5393034825870647
0.015152,0.998158379373849,0.5387673956262425
0.014995,0.998158379373849,0.5382323733862959
0.014992,0.998158379373849,0.5376984126984127
0.014831,0.998158379373849,0.5371655104063429
0.01455,0.998158379373849,0.5366336633663367
0.014463,0.998158379373849,0.5361028684470821
0.014313,0.998158379373849,0.5355731225296443
0.013881,0.998158379373849,0.5350444225074038
0.013828,0.998158379373849,0.534516765285996
0.013823,0.998158379373849,0.5339901477832513
0.013695,0.998158379373849,0.5334645669291339
0.013089,0.998158379373849,0.5329400196656834
0.01303,0.998158379373849,0.5324165029469549
0.012978,0.998158379373849,0.5318940137389597
0.012962,0.998158379373849,0.5313725490196078
0.012835,0.998158379373849,0.5308521057786484
0.012727,0.998158379373849,0.5303326810176126
0.012647,0.998158379373849,0.5298142717497556
0.012322,0.998158379373849,0.529296875
0.012299,0.998158379373849,0.5287804878048781
0.01229,0.998158379373849,0.5282651072124757
0.01125,0.998158379373849,0.5277507302823758
0.011205,0.998158379373849,0.5272373540856031
0.011176,0.998158379373849,0.5267249757045676
0.011164,0.998158379373849,0.5262135922330097
0.011097,0.998158379373849,0.5257032007759457
0.011065,0.998158379373849,0.5251937984496124
0.010982,0.998158379373849,0.5246853823814134
0.010921,0.998158379373849,0.5241779497098646
0.010903,0.998158379373849,0.523671497584541
0.010823,0.998158379373849,0.5231660231660231
0.01077,0.998158379373849,0.5226615236258437
0.010746,0.998158379373849,0.5221579961464354
0.010634,0.998158379373849,0.5216554379210779
0.010601,0.998158379373849,0.5211538461538462
0.010559,0.998158379373849,0.5206532180595581
0.01052,0.998158379373849,0.5201535508637236
0.01046,0.998158379373849,0.5196548418024928
0.010398,0.998158379373849,0.5191570881226054
0.010331,0.998158379373849,0.5186602870813397
0.010025,0.998158379373849,0.5181644359464627
0.010001,0.998158379373849,0.5176695319961796
0.009925,0.998158379373849,0.517175572519084
0.009897,0.998158379373849,0.5166825548141086
0.009881,0.998158379373849,0.5161904761904762
0.009879,0.998158379373849,0.5156993339676499
0.009398,0.998158379373849,0.5152091254752852
0.009395,0.998158379373849,0.5147198480531814
0.009311,0.998158379373849,0.5142314990512334
0.009277,0.998158379373849,0.5137440758293839
0.009094,0.998158379373849,0.5132575757575758
0.008973,0.998158379373849,0.5127719962157048
0.008779,0.998158379373849,0.5122873345935728
0.008692,0.998158379373849,0.5118035882908404
0.008646,0.998158379373849,0.5113207547169811
0.008615,0.998158379373849,0.5108388312912346
0.008517,0.998158379373849,0.5103578154425612
0.008417,0.998158379373849,0.5098777046095955
0.008341,0.998158379373849,0.5093984962406015
0.008328,0.998158379373849,0.5089201877934272
0.008301,0.998158379373849,0.5084427767354597
0.008221,0.998158379373849,0.5079662605435802
0.008217,0.998158379373849,0.5074906367041199
0.008186,0.998158379373849,0.5070159027128157
0.008147,0.998158379373849,0.5065420560747663
0.008021,0.998158379373849,0.5060690943043884
0.008,0.998158379373849,0.5055970149253731
0.007967,0.998158379373849,0.5051258154706431
0.007938,0.998158379373849,0.5046554934823091
0.007696,0.998158379373849,0.5041860465116279
0.007657,0.998158379373849,0.5037174721189591
0.007608,0.998158379373849,0.5032497678737233
0.007524,0.998158379373849,0.5027829313543599
0.007449,0.998158379373849,0.5023169601482854
0.00744,0.998158379373849,0.5018518518518519
0.007405,0.998158379373849,0.5013876040703052
0.007404,0.998158379373849,0.5009242144177449
0.007402,0.998158379373849,0.5004616805170822
0.007355,0.998158379373849,0.5
0.007289,0.998158379373849,0.49953917050691243
0.007083,0.998158379373849,0.4990791896869245
0.006933,0.998158379373849,0.49862005519779207
0.00684,0.998158379373849,0.49816176470588236
0.006801,0.998158379373849,0.49770431588613406
0.006688,0.998158379373849,0.4972477064220184
0.006654,0.998158379373849,0.49679193400549954
0.006501,0.998158379373849,0.49633699633699635
0.006488,0.998158379373849,0.4958828911253431
0.006419,0.998158379373849,0.4954296160877514
0.006417,0.998158379373849,0.4949771689497717
0.006405,0.998158379373849,0.49452554744525545
0.006375,0.998158379373849,0.49407474931631723
0.006366,0.998158379373849,0.4936247723132969
0.006363,0.998158379373849,0.4931756141947225
0.006331,0.998158379373849,0.49272727272727274
0.006153,0.998158379373849,0.49227974568574023
0.006071,0.998158379373849,0.49183303085299457
0.00607,0.998158379373849,0.4913871260199456
0.005947,0.998158379373849,0.49094202898550726
0.005941,0.998158379373849,0.49049773755656106
0.00592,0.998158379373849,0.49005424954792043
0.005909,0.998158379373849,0.4896115627822945
0.0059,0.998158379373849,0.4891696750902527
0.005885,0.998158379373849,0.48872858431018934
0.005866,0.998158379373849,0.4882882882882883
0.005806,0.998158379373849,0.4878487848784879
0.005787,0.998158379373849,0.48741007194244607
0.005744,0.998158379373849,0.48697214734950584
0.005653,0.998158379373849,0.4865350089766607
0.005598,0.998158379373849,0.4860986547085202
0.005555,0.998158379373849,0.48566308243727596
0.0055,0.998158379373849,0.4852282900626679
0.005411,0.998158379373849,0.4847942754919499
0.005319,0.998158379373849,0.484361036639857
0.005243,0.998158379373849,0.48392857142857143
0.005218,0.998158379373849,0.48349687778768957
0.005061,0.998158379373849,0.483065953654189
0.004993,0.998158379373849,0.4826357969723954
0.004962,0.998158379373849,0.4822064056939502
0.004895,0.998158379373849,0.4817777777777778
0.004856,0.998158379373849,0.48134991119005327
0.004819,0.998158379373849,0.48092280390417036
0.004742,0.998158379373849,0.4804964539007092
0.004695,0.998158379373849,0.4800708591674048
0.004668,0.998158379373849,0.479646017699115
0.004666,0.998158379373849,0.4792219274977896
0.004647,0.998158379373849,0.4787985865724382
0.00464,0.998158379373849,0.4783759929390997
0.004625,0.998158379373849,0.47795414462081126
0.004622,0.998158379373849,0.4775330396475771
0.00462,0.998158379373849,0.477112676056338
0.004568,0.998158379373849,0.4766930518909411
0.004518,0.998158379373849,0.47627416520210897
0.004415,0.998158379373849,0.47585601404741
0.00432,0.998158379373849,0.47543859649122805
0.004319,0.998158379373849,0.4750219106047327
0.004314,0.998158379373849,0.4746059544658494
0.004298,0.998158379373849,0.4741907261592301
0.004258,0.998158379373849,0.4733624454148472
0.004255,0.998158379373849,0.47294938917975565
0.004198,0.998158379373849,0.47253705318221445
0.004124,0.998158379373849,0.4721254355400697
0.004074,0.998158379373849,0.47171453437771976
0.004014,0.998158379373849,0.47130434782608693
0.003918,0.998158379373849,0.47089487402258906
0.003912,0.998158379373849,0.4704861111111111
0.003911,0.998158379373849,0.47007805724197743
0.003877,0.998158379373849,0.4696707105719237
0.00381,1.0,0.4701298701298701
0.0038,1.0,0.46972318339100344
0.003773,1.0,0.4693171996542783
0.003754,1.0,0.4689119170984456
0.00374,1.0,0.4685073339085418
0.003682,1.0,0.4681034482758621
0.003676,1.0,0.46770025839793283
0.003635,1.0,0.46729776247848537
0.003634,1.0,0.46689595872742906
0.0036,1.0,0.46649484536082475
0.003571,1.0,0.4660944206008584
0.00356,1.0,0.46569468267581476
0.003548,1.0,0.4652956298200514
0.003543,1.0,0.4648972602739726
0.003514,1.0,0.4641025641025641
0.003513,1.0,0.4637062339880444
0.003486,1.0,0.46331058020477817
0.003483,1.0,0.4629156010230179
0.003462,1.0,0.46252129471890974
0.003453,1.0,0.4621276595744681
0.00343,1.0,0.461734693877551
0.003414,1.0,0.4613423959218352
0.003409,1.0,0.4609507640067912
0.003406,1.0,0.46055979643765904
0.003388,1.0,0.46016949152542375
0.003375,1.0,0.45977984758679086
0.003357,1.0,0.4593908629441624
0.003355,1.0,0.45900253592561285
0.003338,1.0,0.4582278481012658
0.003298,1.0,0.45784148397976393
0.003287,1.0,0.45745577085088457
0.003148,1.0,0.45707070707070707
0.003147,1.0,0.456686291000841
0.003136,1.0,0.45630252100840335
0.003117,1.0,0.45591939546599497
0.003115,1.0,0.45553691275167785
0.003095,1.0,0.4551550712489522
0.003016,1.0,0.4547738693467337
0.00298,1.0,0.45439330543933054
0.00297,1.0,0.4540133779264214
0.002966,1.0,0.45363408521303256
0.002832,1.0,0.4532554257095159
0.002812,1.0,0.45287739783152625
0.002712,1.0,0.4525
0.002628,1.0,0.4521232306411324
0.002624,1.0,0.45174708818635606
0.002606,1.0,0.4513715710723192
0.002602,1.0,0.45099667774086377
0.002598,1.0,0.45062240663900416
0.002555,1.0,0.4502487562189055
0.002506,1.0,0.4498757249378625
0.002472,1.0,0.44950331125827814
0.002471,1.0,0.4491315136476427
0.002455,1.0,0.44838976052848883
0.00245,1.0,0.44801980198019803
0.002431,1.0,0.4476504534212696
0.002373,1.0,0.4472817133443163
0.00231,1.0,0.4469135802469136
0.0023,1.0,0.4465460526315789
0.002253,1.0,0.44617912900575185
0.002236,1.0,0.4458128078817734
0.002235,1.0,0.44544708777686626
0.002229,1.0,0.44508196721311477
0.002209,1.0,0.44471744471744473
0.002208,1.0,0.44435351882160395
0.002102,1.0,0.4439901880621423
0.002052,1.0,0.44362745098039214
0.002042,1.0,0.44326530612244897
0.002021,1.0,0.4429037520391517
0.00197,1.0,0.44254278728606355
0.001898,1.0,0.44218241042345274
0.001897,1.0,0.44182262001627337
0.001874,1.0,0.44146341463414634
0.001846,1.0,0.44110479285134035
0.001844,1.0,0.4407467532467532
0.001778,1.0,0.44038929440389296
0.001743,1.0,0.440032414910859
0.001726,1.0,0.43967611336032386
0.001698,1.0,0.4393203883495146
0.00168,1.0,0.43896523848019403
0.001674,1.0,0.438610662358643
0.001671,1.0,0.43825665859564167
0.001663,1.0,0.43790322580645163
0.001655,1.0,0.4375503626107977
0.001632,1.0,0.43719806763285024
0.001608,1.0,0.43684633950120677
0.001573,1.0,0.4364951768488746
0.001514,1.0,0.43614457831325304
0.001496,1.0,0.43579454253611555
0.001489,1.0,0.43544506816359263
0.001481,1.0,0.43509615384615385
0.001475,1.0,0.4347477982385909
0.001452,1.0,0.4344
0.001429,1.0,0.434052757793765
0.001411,1.0,0.43370607028753994
0.001401,1.0,0.43335993615323226
0.001394,1.0,0.43301435406698563
0.001385,1.0,0.4323248407643312
0.001378,1.0,0.431980906921241
0.001334,1.0,0.431637519872814
0.001316,1.0,0.4312946783161239
0.001305,1.0,0.430952380952381
0.001231,1.0,0.43061062648691517
0.001192,1.0,0.43026941362916005
0.001162,1.0,0.42992874109263657
0.001134,1.0,0.4295886075949367
0.001107,1.0,0.42924901185770753
0.001053,1.0,0.42890995260663506
0.001052,1.0,0.42857142857142855
0.001039,1.0,0.4282334384858044
0.001027,1.0,0.42789598108747046
0.001018,1.0,0.4275590551181102
0.001015,1.0,0.42722265932336745
0.001003,1.0,0.4268867924528302
0.000988,1.0,0.4265514532600157
0.000971,1.0,0.4262166405023548
0.000955,1.0,0.4258823529411765
0.000934,1.0,0.42554858934169276
0.000932,1.0,0.42521534847298353
0.00092,1.0,0.42488262910798125
0.000916,1.0,0.4245504300234558
0.000911,1.0,0.42421875
0.00091,1.0,0.4235569422776911
0.0009,1.0,0.4232268121590023
0.000893,1.0,0.42289719626168226
0.000879,1.0,0.422568093385214
0.000875,1.0,0.42223950233281493
0.000841,1.0,0.4219114219114219
0.000808,1.0,0.421583850931677
0.000784,1.0,0.4212567882079131
0.000781,1.0,0.42093023255813955
0.000774,1.0,0.4206041828040279
0.000767,1.0,0.42027863777089786
0.00076,1.0,0.419953596287703
0.000756,1.0,0.419629057187017
0.000755,1.0,0.4193050193050193
0.000727,1.0,0.41898148148148145
0.000703,1.0,0.41865844255975326
0.000702,1.0,0.41833590138674887
0.000683,1.0,0.418013856812933
0.000675,1.0,0.4176923076923077
0.000672,1.0,0.4173712528823982
0.000671,1.0,0.41705069124423966
0.000625,1.0,0.4167306216423638
0.00061,1.0,0.41641104294478526
0.000607,1.0,0.4160919540229885
0.000601,1.0,0.41577335375191427
0.0006,1.0,0.41545524100994646
0.000581,1.0,0.4151376146788991
0.000563,1.0,0.41482047364400304
0.000545,1.0,0.41450381679389314
0.00054,1.0,0.41418764302059496
0.000523,1.0,0.4138719512195122
0.000513,1.0,0.4135567402894136
0.000508,1.0,0.4132420091324201
0.000501,1.0,0.4129277566539924
0.000496,1.0,0.4126139817629179
0.000485,1.0,0.4123006833712984
0.000484,1.0,0.41198786039453716
0.000476,1.0,0.4116755117513268
0.000471,1.0,0.4113636363636364
0.000459,1.0,0.4110522331566995
0.000447,1.0,0.41074130105900153
0.000415,1.0,0.41043083900226757
0.000413,1.0,0.41012084592145015
0.000407,1.0,0.409811320754717
0.000394,1.0,0.4095022624434389
0.000392,1.0,0.4091936699321778
0.000389,1.0,0.4088855421686747
0.000387,1.0,0.40857787810383744
0.000381,1.0,0.40827067669172934
0.000377,1.0,0.40796393688955673
0.00037,1.0,0.40765765765765766
0.000358,1.0,0.40735183795948987
0.000352,1.0,0.4070464767616192
0.000348,1.0,0.4067415730337079
0.000339,1.0,0.406437125748503
0.000336,1.0,0.406133133881825
0.000331,1.0,0.40582959641255606
0.000308,1.0,0.4055265123226288
0.000306,1.0,0.4052238805970149
0.000301,1.0,0.40492170022371365
0.000291,1.0,0.4046199701937407
0.000284,1.0,0.4043186895011169
0.00027,1.0,0.40401785714285715
0.000267,1.0,0.4037174721189591
0.000266,1.0,0.4034175334323923
0.000264,1.0,0.40311804008908686
0.000263,1.0,0.40281899109792285
0.000252,1.0,0.40252038547071906
0.000242,1.0,0.4022222222222222
0.000238,1.0,0.40192450037009625
0.000237,1.0,0.40162721893491127
0.000236,1.0,0.401330376940133
0.000233,1.0,0.4010339734121123
0.00023,1.0,0.4007380073800738
0.000229,1.0,0.4004424778761062
0.000226,1.0,0.4001473839351511
0.000224,1.0,0.39985272459499266
0.000217,1.0,0.3995584988962472
0.000212,1.0,0.39897134459955913
0.000211,1.0,0.3986784140969163
0.000206,1.0,0.3983859134262656
0.000204,1.0,0.3980938416422287
0.000199,1.0,0.3972201901975128
0.000197,1.0,0.3969298245614035
0.000191,1.0,0.3966398831263696
0.000188,1.0,0.3963503649635037
0.000187,1.0,0.39606126914660833
0.000184,1.0,0.39577259475218657
0.00018,1.0,0.3954843408594319
0.000174,1.0,0.3951965065502183
0.00017,1.0,0.39490909090909093
0.000165,1.0,0.39433551198257083
0.000164,1.0,0.3940493468795356
0.000162,1.0,0.3937635968092821
0.000158,1.0,0.3931933381607531
0.000156,1.0,0.3926247288503254
0.000154,1.0,0.39234104046242774
0.000153,1.0,0.392057761732852
0.000145,1.0,0.3917748917748918
0.000143,1.0,0.39149242970439796
0.000142,1.0,0.39121037463976943
0.00014,1.0,0.3906474820143885
0.000138,1.0,0.3903666427030913
0.000135,1.0,0.3900862068965517
0.000125,1.0,0.3898061737257717
0.000122,1.0,0.38952654232424677
0.000121,1.0,0.38924731182795697
0.00012,1.0,0.38896848137535817
0.000113,1.0,0.388412017167382
0.000112,1.0,0.38813438170121517
0.000111,1.0,0.3875802997858672
0.00011,1.0,0.38702779757662154
0.000105,1.0,0.38675213675213677
9.8e-05,1.0,0.38647686832740213
9.7e-05,1.0,0.3862019914651494
9e-05,1.0,0.3859275053304904
8.9e-05,1.0,0.3856534090909091
8.1e-05,1.0,0.38537970191625265
8e-05,1.0,0.3851063829787234
6.9e-05,1.0,0.3848334514528703
6.8e-05,1.0,0.3842887473460722
6.7e-05,1.0,0.384016973125884
6.5e-05,1.0,0.38374558303886924
6.3e-05,1.0,0.3834745762711864
6.2e-05,1.0,0.3829337094499295
6e-05,1.0,0.3821252638986629
5.8e-05,1.0,0.38158819395643007
5.6e-05,1.0,0.3807854137447405
5.3e-05,1.0,0.3802521008403361
5.2e-05,1.0,0.3799860041987404
4.9e-05,1.0,0.3797202797202797
4.8e-05,1.0,0.3786610878661088
4.6e-05,1.0,0.37813370473537605
4.5e-05,1.0,0.3778705636743215
4.3e-05,1.0,0.3776077885952712
4e-05,1.0,0.37734537873523283
3.8e-05,1.0,0.3770833333333333
3.7e-05,1.0,0.37682165163081194
3.3e-05,1.0,0.3762993762993763
3.2e-05,1.0,0.3760387811634349
3.1e-05,1.0,0.3755186721991701
2.9e-05,1.0,0.37448275862068964
2.8e-05,1.0,0.37422467263955894
2.7e-05,1.0,0.3739669421487603
2.6e-05,1.0,0.3734525447042641
2.5e-05,1.0,0.3731958762886598
2.4e-05,1.0,0.37268359643102267
2.3e-05,1.0,0.3724279835390947
2.2e-05,1.0,0.3719178082191781
2.1e-05,1.0,0.37140902872777015
1.9e-05,1.0,0.3709016393442623
1.7e-05,1.0,0.3706484641638225
1.4e-05,1.0,0.3698910081743869
1.3e-05,1.0,0.3693877551020408
1.2e-05,1.0,0.3683853459972863
1.1e-05,1.0,0.36738836265223274
1e-05,1.0,0.3668918918918919
9e-06,1.0,0.36664415935178934
8e-06,1.0,0.366149696561025
7e-06,1.0,0.36590296495956875
6e-06,1.0,0.3656565656565657
5e-06,1.0,0.3649193548387097
4e-06,1.0,0.3644295302013423
3e-06,1.0,0.3634538152610442
2e-06,1.0,0.3632107023411371
1e-06,1.0,0.3627254509018036
0.0,1.0,0.3627254509018036
