threshold,fpr,tpr
1.0,0.0,0.029465930018416207
0.999999,0.0,0.03867403314917127
0.999998,0.0,0.040515653775322284
0.999997,0.0,0.0423572744014733
0.999996,0.0,0.04604051565377532
0.999995,0.0,0.04788213627992634
0.999994,0.0,0.05156537753222836
0.999993,0.0,0.055248618784530384
0.999992,0.0,0.06261510128913444
0.999991,0.0,0.06445672191528545
0.99999,0.0,0.06998158379373849
0.999989,0.0,0.0718232044198895
0.999986,0.0,0.07366482504604052
0.999985,0.0,0.07550644567219153
0.999984,0.0,0.07918968692449356
0.999981,0.0,0.08287292817679558
0.99998,0.0,0.0865561694290976
0.999976,0.0,0.08839779005524862
0.999973,0.0,0.09208103130755065
0.999972,0.0,0.09392265193370165
0.999968,0.0,0.09576427255985268
0.999966,0.0,0.09760589318600368
0.999965,0.0,0.09944751381215469
0.999963,0.0,0.10128913443830571
0.999959,0.0,0.10313075506445672
0.999956,0.0,0.10497237569060773
0.999954,0.0,0.10681399631675875
0.999948,0.0,0.10865561694290976
0.999944,0.0,0.11049723756906077
0.999938,0.0,0.1141804788213628
0.999937,0.0,0.11602209944751381
0.999936,0.0,0.11786372007366483
0.999934,0.0,0.12154696132596685
0.999932,0.0,0.12338858195211787
0.99993,0.0,0.1252302025782689
0.999929,0.0,0.1270718232044199
0.999927,0.0,0.1289134438305709
0.999922,0.0,0.13075506445672191
0.999912,0.0,0.13259668508287292
0.999906,0.0,0.13443830570902393
0.999902,0.0,0.13627992633517497
0.999899,0.0,0.13812154696132597
0.999886,0.0,0.13996316758747698
0.999864,0.0,0.141804788213628
0.999858,0.0,0.143646408839779
0.999839,0.0,0.14548802946593
0.999831,0.0,0.14732965009208104
0.999823,0.0,0.14917127071823205
0.999812,0.0,0.15101289134438306
0.999806,0.0,0.15285451197053407
0.999804,0.0,0.15469613259668508
0.999783,0.0,0.15653775322283608
0.999772,0.0,0.15837937384898712
0.999769,0.0,0.16022099447513813
0.999766,0.0,0.16206261510128914
0.999757,0.0,0.16390423572744015
0.999753,0.0,0.16574585635359115
0.999743,0.0,0.16758747697974216
0.999715,0.0,0.1694290976058932
0.999709,0.0,0.1712707182320442
0.999675,0.0,0.1731123388581952
0.999659,0.0,0.17495395948434622
0.999624,0.0,0.17679558011049723
0.999609,0.0,0.17863720073664824
0.999606,0.0,0.18047882136279927
0.999591,0.0,0.18232044198895028
0.999572,0.0,0.1841620626151013
0.99955,0.0,0.1860036832412523
0.999506,0.0,0.1878453038674033
0.999498,0.0,0.18968692449355432
0.999449,0.0,0.19152854511970535
0.999433,0.0,0.19337016574585636
0.999416,0.0,0.19521178637200737
0.999371,0.0,0.19705340699815838
0.999326,0.0,0.19889502762430938
0.999253,0.0,0.2007366482504604
0.99922,0.0,0.20257826887661143
0.999217,0.0,0.20441988950276244
0.999112,0.0,0.20626151012891344
0.999097,0.0,0.20810313075506445
0.999093,0.0,0.20994475138121546
0.999065,0.0,0.21178637200736647
0.999056,0.0,0.2136279926335175
0.999014,0.0,0.2154696132596685
0.999007,0.0,0.21915285451197053
0.999003,0.0,0.22099447513812154
0.999001,0.0,0.22283609576427257
0.998928,0.0,0.22467771639042358
0.998851,0.0,0.2265193370165746
0.998789,0.0,0.2283609576427256
0.998739,0.0,0.2302025782688766
0.998696,0.0,0.23204419889502761
0.998608,0.0,0.23388581952117865
0.998536,0.0,0.23572744014732966
0.998519,0.0,0.23756906077348067
0.998495,0.0,0.23941068139963168
0.998369,0.0,0.24125230202578268
0.998353,0.0,0.2430939226519337
0.998306,0.0,0.24493554327808473
0.998285,0.0,0.24677716390423574
0.998278,0.0,0.24861878453038674
0.99827,0.0,0.2504604051565378
0.99826,0.0,0.2523020257826888
0.998237,0.0,0.2541436464088398
0.998207,0.0,0.2559852670349908
0.998196,0.0,0.2578268876611418
0.998162,0.0,0.2596685082872928
0.998057,0.0,0.26151012891344383
0.998019,0.0,0.26335174953959484
0.997999,0.0,0.26519337016574585
0.997962,0.0,0.26703499079189685
0.997888,0.0,0.26887661141804786
0.997864,0.0,0.27071823204419887
0.997829,0.0,0.27255985267034993
0.997673,0.0,0.27440147329650094
0.997666,0.0,0.27624309392265195
0.997652,0.0,0.27808471454880296
0.997633,0.0,0.27992633517495397
0.997626,0.0,0.281767955801105
0.997604,0.0,0.283609576427256
0.997473,0.0,0.285451197053407
0.997435,0.0,0.287292817679558
0.997395,0.0,0.289134438305709
0.996861,0.0,0.29097605893186
0.99681,0.0,0.292817679558011
0.996707,0.0,0.2946593001841621
0.996516,0.0,0.2965009208103131
0.996512,0.0,0.2983425414364641
0.996421,0.0,0.3001841620626151
0.996207,0.0,0.3020257826887661
0.995938,0.0,0.30386740331491713
0.99592,0.0,0.30570902394106814
0.995814,0.0,0.30755064456721914
0.995776,0.0,0.30939226519337015
0.995772,0.0,0.31123388581952116
0.995727,0.0,0.31307550644567217
0.995673,0.0,0.3149171270718232
0.995656,0.0,0.31675874769797424
0.995177,0.0,0.31860036832412525
0.995141,0.0,0.32044198895027626
0.995064,0.0,0.32228360957642727
0.994981,0.0,0.3241252302025783
0.99484,0.0,0.3259668508287293
0.994727,0.0,0.3278084714548803
0.994508,0.0,0.3296500920810313
0.99448,0.0,0.3314917127071823
0.994435,0.0,0.3333333333333333
0.994132,0.0,0.3351749539594843
0.994083,0.0,0.3370165745856354
0.993924,0.0,0.3388581952117864
0.993854,0.0,0.3406998158379374
0.993609,0.0,0.3425414364640884
0.99342,0.0,0.3443830570902394
0.99317,0.0,0.3462246777163904
0.993165,0.0,0.34806629834254144
0.992793,0.0,0.34990791896869244
0.992653,0.0,0.35174953959484345
0.992005,0.0,0.35359116022099446
0.991528,0.0,0.35543278084714547
0.991122,0.0,0.3572744014732965
0.990714,0.0,0.35911602209944754
0.990173,0.0,0.36095764272559855
0.989952,0.0,0.36279926335174956
0.98991,0.0,0.36464088397790057
0.989762,0.0,0.3664825046040516
0.989271,0.0,0.3683241252302026
0.989046,0.0,0.3701657458563536
0.988961,0.0,0.3720073664825046
0.988876,0.0,0.3738489871086556
0.988722,0.0,0.3756906077348066
0.988662,0.0,0.3775322283609576
0.988307,0.0,0.37937384898710863
0.988258,0.0,0.3812154696132597
0.988081,0.0,0.3830570902394107
0.987399,0.0,0.3848987108655617
0.987167,0.0,0.3867403314917127
0.986899,0.0,0.3885819521178637
0.986897,0.0,0.39042357274401474
0.986812,0.0,0.39226519337016574
0.986797,0.0,0.39410681399631675
0.986656,0.0,0.39594843462246776
0.98567,0.0,0.39779005524861877
0.985475,0.0,0.3996316758747698
0.984114,0.0,0.4014732965009208
0.984013,0.0,0.40331491712707185
0.983702,0.0,0.40515653775322286
0.98365,0.0,0.40699815837937386
0.983307,0.0,0.4088397790055249
0.983237,0.0,0.4106813996316759
0.983059,0.0,0.4125230202578269
0.98276,0.0,0.4143646408839779
0.982112,0.0,0.4162062615101289
0.981648,0.0,0.4180478821362799
0.981208,0.0,0.4198895027624309
0.980971,0.0,0.42173112338858193
0.980751,0.0,0.42357274401473294
0.980675,0.0,0.425414364640884
0.980547,0.0,0.427255985267035
0.979552,0.0,0.429097605893186
0.978385,0.0,0.430939226519337
0.977439,0.0,0.43278084714548803
0.977259,0.0,0.43462246777163904
0.977258,0.0,0.43646408839779005
0.977068,0.0,0.43830570902394106
0.976771,0.0,0.44014732965009207
0.976717,0.0,0.4419889502762431
0.976252,0.0,0.4438305709023941
0.976222,0.0,0.44567219152854515
0.97609,0.0,0.44751381215469616
0.975852,0.0,0.44935543278084716
0.975641,0.0,0.45119705340699817
0.975543,0.0,0.4530386740331492
0.97536,0.0,0.4548802946593002
0.973972,0.0,0.4567219152854512
0.973774,0.0,0.4585635359116022
0.973115,0.0,0.4604051565377532
0.972162,0.0,0.4622467771639042
0.972033,0.0,0.46408839779005523
0.970491,0.0,0.46593001841620624
0.970203,0.0,0.4677716390423573
0.969543,0.0,0.4696132596685083
0.969186,0.0,0.4714548802946593
0.967793,0.0,0.4732965009208103
0.967747,0.0,0.47513812154696133
0.967287,0.0,0.47697974217311234
0.967139,0.0,0.47882136279926335
0.96684,0.0,0.48066298342541436
0.965512,0.0,0.48250460405156537
0.963529,0.0010482180293501049,0.48250460405156537
0.963292,0.0010482180293501049,0.4843462246777164
0.962882,0.0010482180293501049,0.4861878453038674
0.962309,0.0010482180293501049,0.4880294659300184
0.961813,0.0010482180293501049,0.48987108655616945
0.960583,0.0010482180293501049,0.49171270718232046
0.960141,0.0010482180293501049,0.49355432780847147
0.960086,0.0010482180293501049,0.4953959484346225
0.959961,0.0010482180293501049,0.4972375690607735
0.959023,0.0010482180293501049,0.4990791896869245
0.957804,0.0010482180293501049,0.5009208103130756
0.957473,0.0010482180293501049,0.5027624309392266
0.957003,0.0010482180293501049,0.5046040515653776
0.956976,0.0010482180293501049,0.5064456721915286
0.956465,0.0010482180293501049,0.5082872928176796
0.956207,0.0010482180293501049,0.5101289134438306
0.954215,0.0010482180293501049,0.5119705340699816
0.953068,0.0010482180293501049,0.5138121546961326
0.951511,0.0010482180293501049,0.5156537753222836
0.951409,0.0010482180293501049,0.5174953959484346
0.951107,0.0010482180293501049,0.5193370165745856
0.950854,0.0010482180293501049,0.5211786372007366
0.950389,0.0010482180293501049,0.5230202578268877
0.949669,0.0010482180293501049,0.5248618784530387
0.947697,0.0010482180293501049,0.5267034990791897
0.947209,0.0010482180293501049,0.5285451197053407
0.946488,0.0010482180293501049,0.5303867403314917
0.946328,0.0010482180293501049,0.5322283609576427
0.946157,0.0010482180293501049,0.5340699815837937
0.944394,0.0010482180293501049,0.5359116022099447
0.944208,0.0010482180293501049,0.5377532228360957
0.943836,0.0010482180293501049,0.5395948434622467
0.943624,0.0010482180293501049,0.5414364640883977
0.942969,0.0010482180293501049,0.5432780847145487
0.942479,0.0010482180293501049,0.5451197053406999
0.942477,0.0010482180293501049,0.5469613259668509
0.942208,0.0010482180293501049,0.5488029465930019
0.941682,0.0010482180293501049,0.5506445672191529
0.941115,0.0010482180293501049,0.5524861878453039
0.941108,0.0010482180293501049,0.5543278084714549
0.940348,0.0010482180293501049,0.5561694290976059
0.940091,0.0010482180293501049,0.5580110497237569
0.937399,0.0010482180293501049,0.5598526703499079
0.93634,0.0010482180293501049,0.5616942909760589
0.935554,0.0010482180293501049,0.56353591160221
0.934835,0.0010482180293501049,0.565377532228361
0.934833,0.0010482180293501049,0.567219152854512
0.934712,0.0010482180293501049,0.569060773480663
0.934127,0.0010482180293501049,0.570902394106814
0.933027,0.0010482180293501049,0.572744014732965
0.931443,0.0010482180293501049,0.574585635359116
0.931141,0.0010482180293501049,0.576427255985267
0.930892,0.0010482180293501049,0.578268876611418
0.929913,0.0010482180293501049,0.580110497237569
0.929796,0.0010482180293501049,0.58195211786372
0.926504,0.0010482180293501049,0.583793738489871
0.926009,0.0010482180293501049,0.585635359116022
0.925745,0.0010482180293501049,0.5874769797421732
0.925581,0.0010482180293501049,0.5893186003683242
0.924521,0.0010482180293501049,0.5911602209944752
0.924247,0.0010482180293501049,0.5930018416206262
0.924225,0.0010482180293501049,0.5948434622467772
0.923892,0.0010482180293501049,0.5966850828729282
0.923643,0.0010482180293501049,0.5985267034990792
0.923605,0.0010482180293501049,0.6003683241252302
0.923564,0.0010482180293501049,0.6022099447513812
0.920459,0.0010482180293501049,0.6040515653775322
0.918261,0.0010482180293501049,0.6058931860036832
0.916378,0.0010482180293501049,0.6077348066298343
0.915427,0.0010482180293501049,0.6095764272559853
0.913195,0.0010482180293501049,0.6114180478821363
0.91227,0.0010482180293501049,0.6132596685082873
0.912099,0.0010482180293501049,0.6151012891344383
0.912081,0.0010482180293501049,0.6169429097605893
0.911942,0.0010482180293501049,0.6187845303867403
0.911806,0.0010482180293501049,0.6206261510128913
0.911161,0.0010482180293501049,0.6224677716390423
0.910148,0.0010482180293501049,0.6243093922651933
0.91004,0.0010482180293501049,0.6261510128913443
0.909864,0.0010482180293501049,0.6279926335174953
0.909079,0.0010482180293501049,0.6298342541436464
0.908249,0.0010482180293501049,0.6316758747697975
0.907725,0.0010482180293501049,0.6335174953959485
0.904002,0.0010482180293501049,0.6353591160220995
0.90238,0.0010482180293501049,0.6372007366482505
0.901914,0.0010482180293501049,0.6390423572744015
0.901886,0.0010482180293501049,0.6408839779005525
0.901872,0.0010482180293501049,0.6427255985267035
0.901522,0.0020964360587002098,0.6427255985267035
0.896815,0.0020964360587002098,0.6445672191528545
0.896573,0.0020964360587002098,0.6464088397790055
0.893009,0.0031446540880503146,0.6464088397790055
0.889681,0.0031446540880503146,0.6482504604051565
0.88914,0.0031446540880503146,0.6500920810313076
0.88843,0.0031446540880503146,0.6519337016574586
0.88625,0.0031446540880503146,0.6537753222836096
0.886127,0.0031446540880503146,0.6556169429097606
0.884997,0.0031446540880503146,0.6574585635359116
0.882185,0.0031446540880503146,0.6593001841620626
0.881725,0.0031446540880503146,0.6611418047882136
0.878506,0.0031446540880503146,0.6629834254143646
0.87793,0.0031446540880503146,0.6648250460405156
0.877301,0.0031446540880503146,0.6666666666666666
0.876301,0.0031446540880503146,0.6685082872928176
0.875678,0.0031446540880503146,0.6703499079189686
0.875267,0.0031446540880503146,0.6721915285451197
0.874761,0.0031446540880503146,0.6740331491712708
0.873102,0.0031446540880503146,0.6758747697974218
0.869779,0.0041928721174004195,0.6758747697974218
0.869076,0.0041928721174004195,0.6777163904235728
0.868778,0.0041928721174004195,0.6795580110497238
0.868675,0.0041928721174004195,0.6813996316758748
0.866527,0.0041928721174004195,0.6832412523020258
0.866509,0.0041928721174004195,0.6850828729281768
0.864399,0.0041928721174004195,0.6869244935543278
0.864308,0.0041928721174004195,0.6887661141804788
0.863095,0.005241090146750524,0.6887661141804788
0.860278,0.005241090146750524,0.6906077348066298
0.859287,0.005241090146750524,0.6924493554327809
0.858312,0.005241090146750524,0.6942909760589319
0.857763,0.005241090146750524,0.6961325966850829
0.857683,0.006289308176100629,0.6961325966850829
0.856237,0.006289308176100629,0.6979742173112339
0.855365,0.006289308176100629,0.6998158379373849
0.852851,0.006289308176100629,0.7016574585635359
0.852753,0.006289308176100629,0.7034990791896869
0.852443,0.006289308176100629,0.7053406998158379
0.848365,0.006289308176100629,0.7071823204419889
0.847885,0.006289308176100629,0.7090239410681399
0.845296,0.006289308176100629,0.7108655616942909
0.845056,0.006289308176100629,0.712707182320442
0.844124,0.006289308176100629,0.714548802946593
0.843259,0.006289308176100629,0.716390423572744
0.842101,0.006289308176100629,0.7182320441988951
0.840339,0.006289308176100629,0.7200736648250461
0.839629,0.006289308176100629,0.7219152854511971
0.835937,0.006289308176100629,0.7237569060773481
0.834965,0.006289308176100629,0.7255985267034991
0.834584,0.007337526205450734,0.7255985267034991
0.832527,0.007337526205450734,0.7274401473296501
0.83117,0.007337526205450734,0.7292817679558011
0.828926,0.007337526205450734,0.7311233885819521
0.828555,0.007337526205450734,0.7329650092081031
0.825778,0.008385744234800839,0.7329650092081031
0.820603,0.009433962264150943,0.7329650092081031
0.816016,0.009433962264150943,0.7348066298342542
0.815833,0.009433962264150943,0.7366482504604052
0.814799,0.009433962264150943,0.7384898710865562
0.809773,0.009433962264150943,0.7403314917127072
0.804863,0.009433962264150943,0.7421731123388582
0.80154,0.009433962264150943,0.7440147329650092
0.797592,0.009433962264150943,0.7458563535911602
0.795563,0.010482180293501049,0.7458563535911602
0.794214,0.010482180293501049,0.7476979742173112
0.790604,0.010482180293501049,0.7495395948434622
0.789935,0.010482180293501049,0.7513812154696132
0.787957,0.011530398322851153,0.7513812154696132
0.783758,0.011530398322851153,0.7532228360957642
0.782208,0.011530398322851153,0.7550644567219152
0.779939,0.012578616352201259,0.7550644567219152
0.779279,0.012578616352201259,0.7569060773480663
0.778109,0.012578616352201259,0.7587476979742173
0.777152,0.012578616352201259,0.7605893186003683
0.775597,0.012578616352201259,0.7624309392265194
0.77102,0.012578616352201259,0.7642725598526704
0.764035,0.012578616352201259,0.7661141804788214
0.757508,0.012578616352201259,0.7679558011049724
0.754888,0.012578616352201259,0.7697974217311234
0.752774,0.013626834381551363,0.7697974217311234
0.747294,0.013626834381551363,0.7716390423572744
0.744883,0.013626834381551363,0.7734806629834254
0.742432,0.013626834381551363,0.7753222836095764
0.739449,0.013626834381551363,0.7771639042357275
0.73656,0.013626834381551363,0.7790055248618785
0.734321,0.014675052410901468,0.7790055248618785
0.733826,0.015723270440251572,0.7790055248618785
0.731603,0.016771488469601678,0.7790055248618785
0.731531,0.016771488469601678,0.7808471454880295
0.728519,0.01781970649895178,0.7808471454880295
0.728234,0.01781970649895178,0.7826887661141805
0.727487,0.01781970649895178,0.7845303867403315
0.718976,0.01781970649895178,0.7863720073664825
0.71776,0.01781970649895178,0.7882136279926335
0.715496,0.01781970649895178,0.7900552486187845
0.71309,0.01781970649895178,0.7918968692449355
0.713005,0.01781970649895178,0.7937384898710865
0.712329,0.01781970649895178,0.7955801104972375
0.711997,0.01781970649895178,0.7974217311233885
0.711829,0.01781970649895178,0.7992633517495396
0.711118,0.01781970649895178,0.8011049723756906
0.710301,0.01781970649895178,0.8029465930018416
0.706734,0.018867924528301886,0.8029465930018416
0.705102,0.018867924528301886,0.8047882136279927
0.694393,0.018867924528301886,0.8066298342541437
0.692361,0.018867924528301886,0.8084714548802947
0.687426,0.018867924528301886,0.8103130755064457
0.686768,0.018867924528301886,0.8121546961325967
0.684547,0.019916142557651992,0.8121546961325967
0.669881,0.020964360587002098,0.8121546961325967
0.666391,0.020964360587002098,0.8139963167587477
0.664167,0.020964360587002098,0.8158379373848987
0.658598,0.020964360587002098,0.8176795580110497
0.648066,0.0220125786163522,0.8176795580110497
0.647849,0.023060796645702306,0.8176795580110497
0.645764,0.02410901467505241,0.8176795580110497
0.636163,0.02410901467505241,0.8195211786372008
0.634336,0.02410901467505241,0.8213627992633518
0.634159,0.02410901467505241,0.8232044198895028
0.633236,0.025157232704402517,0.8232044198895028
0.629926,0.025157232704402517,0.8250460405156538
0.616402,0.025157232704402517,0.8268876611418048
0.615784,0.02620545073375262,0.8268876611418048
0.61494,0.02620545073375262,0.8287292817679558
0.608515,0.02620545073375262,0.8305709023941068
0.605417,0.02620545073375262,0.8324125230202578
0.603134,0.02620545073375262,0.8342541436464088
0.602503,0.02620545073375262,0.8360957642725598
0.600383,0.02620545073375262,0.8379373848987108
0.599264,0.027253668763102725,0.8379373848987108
0.596969,0.02830188679245283,0.8379373848987108
0.596964,0.02830188679245283,0.8397790055248618
0.595054,0.02830188679245283,0.8416206261510129
0.594524,0.02830188679245283,0.8434622467771639
0.594091,0.02830188679245283,0.8453038674033149
0.589026,0.02830188679245283,0.8471454880294659
0.585416,0.02830188679245283,0.848987108655617
0.581902,0.02830188679245283,0.850828729281768
0.571031,0.029350104821802937,0.850828729281768
0.570267,0.03039832285115304,0.850828729281768
0.569917,0.03039832285115304,0.852670349907919
0.568184,0.03039832285115304,0.85451197053407
0.567906,0.03039832285115304,0.856353591160221
0.565802,0.03039832285115304,0.858195211786372
0.563788,0.03039832285115304,0.860036832412523
0.560939,0.031446540880503145,0.860036832412523
0.558773,0.03249475890985325,0.860036832412523
0.558404,0.03249475890985325,0.861878453038674
0.554306,0.033542976939203356,0.861878453038674
0.55209,0.033542976939203356,0.8637200736648251
0.549847,0.033542976939203356,0.8655616942909761
0.549819,0.033542976939203356,0.8674033149171271
0.54649,0.03459119496855346,0.8674033149171271
0.545659,0.03459119496855346,0.8692449355432781
0.545614,0.03459119496855346,0.8710865561694291
0.541904,0.03459119496855346,0.8729281767955801
0.540702,0.03459119496855346,0.8747697974217311
0.537719,0.03459119496855346,0.8766114180478821
0.532818,0.03459119496855346,0.8784530386740331
0.531291,0.03459119496855346,0.8802946593001841
0.528644,0.03563941299790356,0.8802946593001841
0.525701,0.03668763102725367,0.8802946593001841
0.523858,0.03773584905660377,0.8802946593001841
0.522952,0.03773584905660377,0.8821362799263351
0.521749,0.03878406708595388,0.8821362799263351
0.520706,0.03878406708595388,0.8839779005524862
0.513686,0.039832285115303984,0.8839779005524862
0.512289,0.039832285115303984,0.8858195211786372
0.508803,0.040880503144654086,0.8858195211786372
0.508743,0.040880503144654086,0.8876611418047882
0.508665,0.040880503144654086,0.8895027624309392
0.507884,0.041928721174004195,0.8895027624309392
0.507793,0.0429769392033543,0.8895027624309392
0.507209,0.0429769392033543,0.8913443830570903
0.50437,0.0429769392033543,0.8931860036832413
0.500344,0.0429769392033543,0.8950276243093923
0.49205,0.0440251572327044,0.8950276243093923
0.491729,0.0440251572327044,0.8968692449355433
0.490042,0.04507337526205451,0.8968692449355433
0.489509,0.04612159329140461,0.8968692449355433
0.488312,0.04716981132075472,0.8968692449355433
0.487314,0.04821802935010482,0.8968692449355433
0.483254,0.04821802935010482,0.8987108655616943
0.483233,0.049266247379454925,0.8987108655616943
0.475983,0.049266247379454925,0.9005524861878453
0.471143,0.050314465408805034,0.9005524861878453
0.459239,0.051362683438155136,0.9005524861878453
0.457488,0.051362683438155136,0.9023941068139963
0.456342,0.05241090146750524,0.9023941068139963
0.44564,0.05345911949685535,0.9023941068139963
0.438029,0.05345911949685535,0.9042357274401474
0.43617,0.05345911949685535,0.9060773480662984
0.435695,0.05450733752620545,0.9060773480662984
0.435004,0.05450733752620545,0.9079189686924494
0.433288,0.05450733752620545,0.9097605893186004
0.431831,0.05555555555555555,0.9097605893186004
0.425118,0.05555555555555555,0.9116022099447514
0.424298,0.05555555555555555,0.9134438305709024
0.418287,0.05555555555555555,0.9152854511970534
0.417486,0.05660377358490566,0.9152854511970534
0.414695,0.05660377358490566,0.9171270718232044
0.405358,0.05660377358490566,0.9189686924493554
0.404335,0.057651991614255764,0.9189686924493554
0.40263,0.057651991614255764,0.9208103130755064
0.396616,0.057651991614255764,0.9226519337016574
0.395049,0.05870020964360587,0.9226519337016574
0.392838,0.05870020964360587,0.9244935543278084
0.389342,0.059748427672955975,0.9244935543278084
0.388877,0.059748427672955975,0.9263351749539595
0.386328,0.06079664570230608,0.9263351749539595
0.384968,0.06079664570230608,0.9281767955801105
0.382856,0.06184486373165619,0.9281767955801105
0.380418,0.06184486373165619,0.9300184162062615
0.379012,0.06184486373165619,0.9318600368324125
0.375475,0.06289308176100629,0.9318600368324125
0.372674,0.0639412997903564,0.9318600368324125
0.369855,0.0639412997903564,0.9337016574585635
0.363947,0.0639412997903564,0.9355432780847146
0.363754,0.0649895178197065,0.9355432780847146
0.361267,0.0660377358490566,0.9355432780847146
0.359672,0.06708595387840671,0.9355432780847146
0.357865,0.06813417190775681,0.9355432780847146
0.352555,0.06918238993710692,0.9355432780847146
0.35168,0.06918238993710692,0.9373848987108656
0.34829,0.07023060796645703,0.9373848987108656
0.344823,0.07127882599580712,0.9373848987108656
0.34167,0.07232704402515723,0.9373848987108656
0.33981,0.07337526205450734,0.9373848987108656
0.338553,0.07442348008385745,0.9373848987108656
0.336836,0.07547169811320754,0.9373848987108656
0.336606,0.07547169811320754,0.9392265193370166
0.335936,0.07651991614255765,0.9392265193370166
0.332289,0.07756813417190776,0.9392265193370166
0.327669,0.07861635220125786,0.9392265193370166
0.326272,0.07966457023060797,0.9392265193370166
0.321006,0.08071278825995808,0.9392265193370166
0.319637,0.08176100628930817,0.9392265193370166
0.319482,0.08280922431865828,0.9392265193370166
0.318627,0.08280922431865828,0.9410681399631676
0.318211,0.08280922431865828,0.9429097605893186
0.317512,0.08385744234800839,0.9429097605893186
0.317408,0.08490566037735849,0.9429097605893186
0.316127,0.0859538784067086,0.9429097605893186
0.315377,0.0870020964360587,0.9429097605893186
0.31521,0.0880503144654088,0.9429097605893186
0.306982,0.08909853249475891,0.9429097605893186
0.306749,0.09014675052410902,0.9429097605893186
0.303843,0.09119496855345911,0.9429097605893186
0.303708,0.09119496855345911,0.9447513812154696
0.29759,0.09119496855345911,0.9465930018416207
0.294185,0.09224318658280922,0.9465930018416207
0.292285,0.09329140461215933,0.9465930018416207
0.291567,0.09433962264150944,0.9465930018416207
0.291545,0.09538784067085954,0.9465930018416207
0.290184,0.09643605870020965,0.9465930018416207
0.288829,0.09748427672955975,0.9465930018416207
0.286127,0.09853249475890985,0.9465930018416207
0.284427,0.09853249475890985,0.9484346224677717
0.283112,0.09958071278825996,0.9484346224677717
0.28227,0.10062893081761007,0.9484346224677717
0.282223,0.10062893081761007,0.9502762430939227
0.278367,0.10167714884696016,0.9502762430939227
0.278032,0.10272536687631027,0.9502762430939227
0.277743,0.10377358490566038,0.9502762430939227
0.277513,0.10377358490566038,0.9521178637200737
0.277058,0.10377358490566038,0.9539594843462247
0.272039,0.10482180293501048,0.9539594843462247
0.270444,0.10482180293501048,0.9558011049723757
0.265336,0.10482180293501048,0.9576427255985267
0.258117,0.10587002096436059,0.9576427255985267
0.255629,0.1069182389937107,0.9576427255985267
0.255358,0.10796645702306079,0.9576427255985267
0.253146,0.1090146750524109,0.9576427255985267
0.252159,0.1090146750524109,0.9594843462246777
0.249462,0.11006289308176101,0.9594843462246777
0.248384,0.1111111111111111,0.9594843462246777
0.245865,0.11215932914046121,0.9594843462246777
0.24576,0.11320754716981132,0.9594843462246777
0.245627,0.11425576519916142,0.9594843462246777
0.241995,0.11530398322851153,0.9594843462246777
0.241032,0.11635220125786164,0.9594843462246777
0.23784,0.11740041928721175,0.9594843462246777
0.237784,0.11844863731656184,0.9594843462246777
0.237002,0.11949685534591195,0.9594843462246777
0.234386,0.12054507337526206,0.9594843462246777
0.233366,0.12159329140461216,0.9594843462246777
0.232964,0.12264150943396226,0.9594843462246777
0.232539,0.12368972746331237,0.9594843462246777
0.231374,0.12473794549266247,0.9594843462246777
0.23114,0.12578616352201258,0.9594843462246777
0.228026,0.12683438155136267,0.9594843462246777
0.224771,0.1278825995807128,0.9594843462246777
0.221936,0.1278825995807128,0.9613259668508287
0.220775,0.1289308176100629,0.9613259668508287
0.220664,0.129979035639413,0.9613259668508287
0.219919,0.1310272536687631,0.9613259668508287
0.218093,0.1320754716981132,0.9613259668508287
0.217369,0.1331236897274633,0.9613259668508287
0.213994,0.13417190775681342,0.9613259668508287
0.213708,0.13522012578616352,0.9613259668508287
0.212231,0.13626834381551362,0.9613259668508287
0.212174,0.13731656184486374,0.9613259668508287
0.212018,0.13731656184486374,0.9631675874769797
0.211043,0.13836477987421383,0.9631675874769797
0.211029,0.13941299790356393,0.9631675874769797
0.209006,0.14046121593291405,0.9631675874769797
0.206467,0.14046121593291405,0.9650092081031307
0.206371,0.14150943396226415,0.9650092081031307
0.202889,0.14255765199161424,0.9650092081031307
0.202555,0.14360587002096437,0.9650092081031307
0.201506,0.14465408805031446,0.9650092081031307
0.200192,0.14570230607966456,0.9650092081031307
0.199527,0.14675052410901468,0.9650092081031307
0.198376,0.14779874213836477,0.9650092081031307
0.196033,0.1488469601677149,0.9650092081031307
0.195623,0.149895178197065,0.9650092081031307
0.195367,0.1509433962264151,0.9650092081031307
0.194039,0.1519916142557652,0.9650092081031307
0.19352,0.1530398322851153,0.9650092081031307
0.191781,0.1540880503144654,0.9650092081031307
0.190531,0.1540880503144654,0.9668508287292817
0.190491,0.15513626834381553,0.9668508287292817
0.190112,0.15618448637316562,0.9668508287292817
0.187551,0.15723270440251572,0.9668508287292817
0.187203,0.15828092243186584,0.9668508287292817
0.187119,0.15932914046121593,0.9668508287292817
0.187036,0.16037735849056603,0.9668508287292817
0.184294,0.16037735849056603,0.9686924493554327
0.184073,0.16142557651991615,0.9686924493554327
0.182371,0.16247379454926625,0.9686924493554327
0.180606,0.16352201257861634,0.9686924493554327
0.180129,0.16352201257861634,0.9705340699815838
0.179817,0.16457023060796647,0.9705340699815838
0.177824,0.16561844863731656,0.9705340699815838
0.174314,0.16666666666666666,0.9705340699815838
0.172903,0.16771488469601678,0.9705340699815838
0.172754,0.16876310272536688,0.9705340699815838
0.171558,0.16981132075471697,0.9705340699815838
0.170493,0.1708595387840671,0.9705340699815838
0.170004,0.1719077568134172,0.9705340699815838
0.168456,0.1719077568134172,0.9723756906077348
0.168413,0.17295597484276728,0.9723756906077348
0.165141,0.1740041928721174,0.9723756906077348
0.163414,0.1740041928721174,0.9742173112338858
0.161862,0.1750524109014675,0.9742173112338858
0.160792,0.1761006289308176,0.9742173112338858
0.15958,0.17714884696016772,0.9742173112338858
0.157731,0.17819706498951782,0.9742173112338858
0.157624,0.17819706498951782,0.9760589318600368
0.156693,0.17819706498951782,0.9779005524861878
0.156584,0.1792452830188679,0.9779005524861878
0.154864,0.18029350104821804,0.9779005524861878
0.153453,0.18134171907756813,0.9779005524861878
0.152826,0.18238993710691823,0.9779005524861878
0.151504,0.18343815513626835,0.9779005524861878
0.151397,0.18343815513626835,0.9797421731123389
0.149549,0.18448637316561844,0.9797421731123389
0.149456,0.18553459119496854,0.9797421731123389
0.148251,0.18658280922431866,0.9797421731123389
0.147848,0.18763102725366876,0.9797421731123389
0.147167,0.18867924528301888,0.9797421731123389
0.146978,0.18972746331236898,0.9797421731123389
0.146762,0.19077568134171907,0.9797421731123389
0.146199,0.1918238993710692,0.9797421731123389
0.145226,0.1928721174004193,0.9797421731123389
0.145089,0.19392033542976939,0.9797421731123389
0.144609,0.1949685534591195,0.9797421731123389
0.144507,0.1960167714884696,0.9797421731123389
0.144059,0.1970649895178197,0.9797421731123389
0.140396,0.19811320754716982,0.9797421731123389
0.14004,0.19811320754716982,0.9815837937384899
0.13961,0.19916142557651992,0.9815837937384899
0.139384,0.20020964360587,0.9815837937384899
0.138494,0.20125786163522014,0.9815837937384899
0.138122,0.20230607966457023,0.9815837937384899
0.135761,0.20335429769392033,0.9815837937384899
0.134069,0.20440251572327045,0.9815837937384899
0.133577,0.20545073375262055,0.9815837937384899
0.132558,0.20649895178197064,0.9815837937384899
0.131274,0.20754716981132076,0.9815837937384899
0.130825,0.20859538784067086,0.9815837937384899
0.130565,0.20964360587002095,0.9815837937384899
0.128356,0.21069182389937108,0.9815837937384899
0.128078,0.21174004192872117,0.9815837937384899
0.12793,0.21278825995807127,0.9815837937384899
0.127264,0.2138364779874214,0.9815837937384899
0.125725,0.2148846960167715,0.9815837937384899
0.125559,0.21593291404612158,0.9815837937384899
0.123647,0.2169811320754717,0.9815837937384899
0.122507,0.2169811320754717,0.9834254143646409
0.121383,0.2180293501048218,0.9834254143646409
0.121101,0.2190775681341719,0.9834254143646409
0.120779,0.22012578616352202,0.9834254143646409
0.12061,0.22117400419287211,0.9834254143646409
0.120576,0.2222222222222222,0.9834254143646409
0.120509,0.22327044025157233,0.9834254143646409
0.120146,0.22431865828092243,0.9834254143646409
0.119861,0.22536687631027252,0.9834254143646409
0.118878,0.22641509433962265,0.9834254143646409
0.118301,0.22746331236897274,0.9834254143646409
0.118125,0.22851153039832284,0.9834254143646409
0.117329,0.22955974842767296,0.9834254143646409
0.117144,0.23060796645702306,0.9834254143646409
0.116753,0.23165618448637318,0.9834254143646409
0.115357,0.23270440251572327,0.9834254143646409
0.113784,0.23375262054507337,0.9834254143646409
0.11376,0.2348008385744235,0.9834254143646409
0.112274,0.2358490566037736,0.9834254143646409
0.111667,0.23689727463312368,0.9834254143646409
0.111599,0.2379454926624738,0.9834254143646409
0.110906,0.2389937106918239,0.9834254143646409
0.109978,0.240041928721174,0.9834254143646409
0.108458,0.24109014675052412,0.9834254143646409
0.107858,0.24213836477987422,0.9834254143646409
0.107596,0.2431865828092243,0.9834254143646409
0.107417,0.24423480083857443,0.9834254143646409
0.107219,0.24528301886792453,0.9834254143646409
0.104046,0.24633123689727462,0.9834254143646409
0.103409,0.24737945492662475,0.9834254143646409
0.103293,0.24842767295597484,0.9834254143646409
0.10153,0.24947589098532494,0.9834254143646409
0.10102,0.25052410901467503,0.9834254143646409
0.100525,0.25157232704402516,0.9834254143646409
0.100136,0.2526205450733753,0.9834254143646409
0.098967,0.25366876310272535,0.9834254143646409
0.098612,0.25471698113207547,0.9834254143646409
0.098044,0.2557651991614256,0.9834254143646409
0.097396,0.25681341719077566,0.9834254143646409
0.097313,0.2578616352201258,0.9834254143646409
0.096138,0.2589098532494759,0.9834254143646409
0.095455,0.259958071278826,0.9834254143646409
0.095089,0.2610062893081761,0.9834254143646409
0.093474,0.2620545073375262,0.9834254143646409
0.093202,0.2631027253668763,0.9834254143646409
0.089786,0.2641509433962264,0.9834254143646409
0.089417,0.26519916142557654,0.9834254143646409
0.08805,0.2662473794549266,0.9834254143646409
0.087788,0.2672955974842767,0.9834254143646409
0.086305,0.26834381551362685,0.9834254143646409
0.086246,0.2693920335429769,0.9834254143646409
0.08432,0.27044025157232704,0.9834254143646409
0.083899,0.27148846960167716,0.9834254143646409
0.083441,0.27253668763102723,0.9834254143646409
0.083056,0.27358490566037735,0.9834254143646409
0.082732,0.2746331236897275,0.9834254143646409
0.081125,0.27568134171907754,0.9834254143646409
0.079818,0.27568134171907754,0.9852670349907919
0.079334,0.27672955974842767,0.9852670349907919
0.079143,0.2777777777777778,0.9852670349907919
0.078978,0.27882599580712786,0.9852670349907919
0.07889,0.279874213836478,0.9852670349907919
0.078531,0.2809224318658281,0.9852670349907919
0.078359,0.28197064989517817,0.9852670349907919
0.078207,0.2830188679245283,0.9852670349907919
0.077614,0.2840670859538784,0.9852670349907919
0.077465,0.2851153039832285,0.9852670349907919
0.077421,0.2861635220125786,0.9852670349907919
0.077408,0.28721174004192873,0.9852670349907919
0.077238,0.2882599580712788,0.9852670349907919
0.076763,0.2893081761006289,0.9852670349907919
0.076758,0.29035639412997905,0.9852670349907919
0.076496,0.2914046121593291,0.9852670349907919
0.076237,0.29245283018867924,0.9852670349907919
0.075674,0.29350104821802936,0.9852670349907919
0.075255,0.2945492662473795,0.9852670349907919
0.073995,0.29559748427672955,0.9852670349907919
0.07363,0.2966457023060797,0.9852670349907919
0.073539,0.2976939203354298,0.9852670349907919
0.073111,0.29874213836477986,0.9852670349907919
0.072451,0.29979035639413,0.9852670349907919
0.071597,0.3008385744234801,0.9852670349907919
0.071327,0.3018867924528302,0.9852670349907919
0.070823,0.3029350104821803,0.9852670349907919
0.070278,0.3039832285115304,0.9852670349907919
0.069915,0.3039832285115304,0.9871086556169429
0.069818,0.3050314465408805,0.9871086556169429
0.069642,0.3060796645702306,0.9871086556169429
0.069519,0.30712788259958074,0.9871086556169429
0.069391,0.3081761006289308,0.9871086556169429
0.06927,0.30922431865828093,0.9871086556169429
0.067314,0.31027253668763105,0.9871086556169429
0.067188,0.3113207547169811,0.9871086556169429
0.066625,0.31236897274633124,0.9871086556169429
0.066533,0.31341719077568136,0.9871086556169429
0.065757,0.31341719077568136,0.988950276243094
0.065702,0.31446540880503143,0.988950276243094
0.065604,0.31551362683438156,0.988950276243094
0.064857,0.3165618448637317,0.988950276243094
0.06466,0.31761006289308175,0.988950276243094
0.064317,0.31865828092243187,0.988950276243094
0.064175,0.319706498951782,0.988950276243094
0.063998,0.32075471698113206,0.988950276243094
0.063084,0.3218029350104822,0.988950276243094
0.062866,0.3218029350104822,0.990791896869245
0.062749,0.3228511530398323,0.990791896869245
0.062583,0.3238993710691824,0.990791896869245
0.062542,0.3249475890985325,0.990791896869245
0.062518,0.3259958071278826,0.990791896869245
0.061107,0.3270440251572327,0.990791896869245
0.060931,0.3280922431865828,0.990791896869245
0.060819,0.32914046121593293,0.990791896869245
0.06066,0.330188679245283,0.990791896869245
0.060655,0.3312368972746331,0.990791896869245
0.060332,0.33228511530398325,0.990791896869245
0.060271,0.3333333333333333,0.990791896869245
0.058967,0.33438155136268344,0.990791896869245
0.058646,0.33542976939203356,0.990791896869245
0.058235,0.33647798742138363,0.990791896869245
0.058153,0.33752620545073375,0.990791896869245
0.057682,0.3385744234800839,0.990791896869245
0.057538,0.33962264150943394,0.990791896869245
0.057014,0.34067085953878407,0.990791896869245
0.056589,0.3417190775681342,0.990791896869245
0.056406,0.34276729559748426,0.990791896869245
0.056149,0.3438155136268344,0.990791896869245
0.05598,0.3448637316561845,0.990791896869245
0.055806,0.34591194968553457,0.990791896869245
0.055618,0.3469601677148847,0.990791896869245
0.055576,0.3480083857442348,0.990791896869245
0.054708,0.3490566037735849,0.990791896869245
0.054458,0.350104821802935,0.990791896869245
0.054446,0.35115303983228513,0.990791896869245
0.053853,0.3522012578616352,0.990791896869245
0.053228,0.3532494758909853,0.990791896869245
0.052977,0.35429769392033544,0.990791896869245
0.052895,0.3553459119496855,0.990791896869245
0.052167,0.35639412997903563,0.990791896869245
0.051867,0.35744234800838576,0.990791896869245
0.051678,0.3584905660377358,0.990791896869245
0.051014,0.35953878406708595,0.990791896869245
0.05067,0.36058700209643607,0.990791896869245
0.049117,0.36163522012578614,0.990791896869245
0.048909,0.36163522012578614,0.992633517495396
0.048585,0.36268343815513626,0.992633517495396
0.048502,0.3637316561844864,0.992633517495396
0.048019,0.36477987421383645,0.992633517495396
0.047881,0.3658280922431866,0.992633517495396
0.04752,0.3668763102725367,0.992633517495396
0.047391,0.36792452830188677,0.992633517495396
0.046675,0.3689727463312369,0.992633517495396
0.045404,0.370020964360587,0.992633517495396
0.045335,0.3710691823899371,0.992633517495396
0.045239,0.3721174004192872,0.992633517495396
0.044959,0.3731656184486373,0.992633517495396
0.044443,0.3742138364779874,0.992633517495396
0.044278,0.3752620545073375,0.992633517495396
0.044116,0.37631027253668764,0.992633517495396
0.04408,0.37735849056603776,0.992633517495396
0.043911,0.37840670859538783,0.992633517495396
0.043702,0.37945492662473795,0.992633517495396
0.043611,0.3805031446540881,0.992633517495396
0.043288,0.38155136268343814,0.992633517495396
0.042883,0.38259958071278827,0.992633517495396
0.042872,0.3836477987421384,0.992633517495396
0.042677,0.38469601677148846,0.992633517495396
0.042385,0.3857442348008386,0.992633517495396
0.042024,0.3867924528301887,0.992633517495396
0.041593,0.38784067085953877,0.992633517495396
0.04148,0.3888888888888889,0.992633517495396
0.041048,0.389937106918239,0.992633517495396
0.040679,0.3909853249475891,0.992633517495396
0.040178,0.3909853249475891,0.994475138121547
0.039876,0.3920335429769392,0.994475138121547
0.039731,0.39308176100628933,0.994475138121547
0.039698,0.3941299790356394,0.994475138121547
0.038859,0.3951781970649895,0.994475138121547
0.038652,0.39622641509433965,0.994475138121547
0.038493,0.3972746331236897,0.994475138121547
0.038407,0.39832285115303984,0.994475138121547
0.038382,0.39937106918238996,0.994475138121547
0.037052,0.40041928721174,0.994475138121547
0.036953,0.40146750524109015,0.994475138121547
0.036865,0.4025157232704403,0.994475138121547
0.036747,0.40356394129979034,0.994475138121547
0.03674,0.40461215932914046,0.994475138121547
0.036398,0.4056603773584906,0.994475138121547
0.036199,0.40670859538784065,0.994475138121547
0.03616,0.40670859538784065,0.996316758747698
0.035168,0.4077568134171908,0.996316758747698
0.034754,0.4088050314465409,0.996316758747698
0.034732,0.40985324947589097,0.996316758747698
0.034695,0.4109014675052411,0.996316758747698
0.032395,0.4119496855345912,0.996316758747698
0.031888,0.4129979035639413,0.996316758747698
0.031829,0.4140461215932914,0.996316758747698
0.031766,0.41509433962264153,0.996316758747698
0.031721,0.4161425576519916,0.996316758747698
0.031703,0.4171907756813417,0.996316758747698
0.031635,0.41823899371069184,0.996316758747698
0.031543,0.4192872117400419,0.996316758747698
0.031539,0.42033542976939203,0.996316758747698
0.03151,0.42138364779874216,0.996316758747698
0.030171,0.4224318658280922,0.996316758747698
0.030103,0.42348008385744235,0.996316758747698
0.029377,0.42452830188679247,0.996316758747698
0.028458,0.42557651991614254,0.996316758747698
0.028288,0.42662473794549266,0.996316758747698
0.028158,0.4276729559748428,0.996316758747698
0.028006,0.42872117400419285,0.996316758747698
0.027277,0.429769392033543,0.996316758747698
0.027268,0.4308176100628931,0.996316758747698
0.027236,0.43186582809224316,0.996316758747698
0.027091,0.4329140461215933,0.996316758747698
0.026988,0.4329140461215933,0.998158379373849
0.026305,0.4339622641509434,0.998158379373849
0.026155,0.4350104821802935,0.998158379373849
0.026114,0.4360587002096436,0.998158379373849
0.025955,0.4371069182389937,0.998158379373849
0.025868,0.4381551362683438,0.998158379373849
0.025571,0.4392033542976939,0.998158379373849
0.025277,0.44025157232704404,0.998158379373849
0.024344,0.4412997903563941,0.998158379373849
0.02426,0.44234800838574423,0.998158379373849
0.024091,0.44339622641509435,0.998158379373849
0.02406,0.4444444444444444,0.998158379373849
0.023855,0.44549266247379454,0.998158379373849
0.023852,0.44654088050314467,0.998158379373849
0.023802,0.44758909853249473,0.998158379373849
0.023726,0.44863731656184486,0.998158379373849
0.023421,0.449685534591195,0.998158379373849
0.023346,0.45073375262054505,0.998158379373849
0.0229,0.45178197064989517,0.998158379373849
0.022579,0.4528301886792453,0.998158379373849
0.022353,0.45387840670859536,0.998158379373849
0.022198,0.4549266247379455,0.998158379373849
0.021873,0.4559748427672956,0.998158379373849
0.021817,0.4570230607966457,0.998158379373849
0.021574,0.4580712788259958,0.998158379373849
0.021359,0.4591194968553459,0.998158379373849
0.021304,0.46016771488469604,0.998158379373849
0.021153,0.4612159329140461,0.998158379373849
0.020078,0.46226415094339623,0.998158379373849
0.019979,0.46331236897274636,0.998158379373849
0.019941,0.4643605870020964,0.998158379373849
0.019906,0.46540880503144655,0.998158379373849
0.019779,0.46645702306079667,0.998158379373849
0.019586,0.46750524109014674,0.998158379373849
0.019323,0.46855345911949686,0.998158379373849
0.019199,0.469601677148847,0.998158379373849
0.018849,0.47064989517819705,0.998158379373849
0.018707,0.4716981132075472,0.998158379373849
0.018449,0.4727463312368973,0.998158379373849
0.017998,0.47379454926624737,0.998158379373849
0.01787,0.4748427672955975,0.998158379373849
0.017696,0.4758909853249476,0.998158379373849
0.017102,0.4769392033542977,0.998158379373849
0.017002,0.4779874213836478,0.998158379373849
0.01665,0.4790356394129979,0.998158379373849
0.016566,0.480083857442348,0.998158379373849
0.016511,0.4811320754716981,0.998158379373849
0.016363,0.48218029350104824,0.998158379373849
0.01591,0.4832285115303983,0.998158379373849
0.015549,0.48427672955974843,0.998158379373849
0.015522,0.48532494758909855,0.998158379373849
0.015152,0.4863731656184486,0.998158379373849
0.014995,0.48742138364779874,0.998158379373849
0.014992,0.48846960167714887,0.998158379373849
0.014831,0.48951781970649894,0.998158379373849
0.01455,0.49056603773584906,0.998158379373849
0.014463,0.4916142557651992,0.998158379373849
0.014313,0.49266247379454925,0.998158379373849
0.013881,0.4937106918238994,0.998158379373849
0.013828,0.4947589098532495,0.998158379373849
0.013823,0.49580712788259956,0.998158379373849
0.013695,0.4968553459119497,0.998158379373849
0.013089,0.4979035639412998,0.998158379373849
0.01303,0.4989517819706499,0.998158379373849
0.012978,0.5,0.998158379373849
0.012962,0.5010482180293501,0.998158379373849
0.012835,0.5020964360587002,0.998158379373849
0.012727,0.5031446540880503,0.998158379373849
0.012647,0.5041928721174004,0.998158379373849
0.012322,0.5052410901467506,0.998158379373849
0.012299,0.5062893081761006,0.998158379373849
0.01229,0.5073375262054507,0.998158379373849
0.01125,0.5083857442348009,0.998158379373849
0.011205,0.5094339622641509,0.998158379373849
0.011176,0.510482180293501,0.998158379373849
0.011164,0.5115303983228512,0.998158379373849
0.011097,0.5125786163522013,0.998158379373849
0.011065,0.5136268343815513,0.998158379373849
0.010982,0.5146750524109015,0.998158379373849
0.010921,0.5157232704402516,0.998158379373849
0.010903,0.5167714884696016,0.998158379373849
0.010823,0.5178197064989518,0.998158379373849
0.01077,0.5188679245283019,0.998158379373849
0.010746,0.519916142557652,0.998158379373849
0.010634,0.5209643605870021,0.998158379373849
0.010601,0.5220125786163522,0.998158379373849
0.010559,0.5230607966457023,0.998158379373849
0.01052,0.5241090146750524,0.998158379373849
0.01046,0.5251572327044025,0.998158379373849
0.010398,0.5262054507337526,0.998158379373849
0.010331,0.5272536687631028,0.998158379373849
0.010025,0.5283018867924528,0.998158379373849
0.010001,0.5293501048218029,0.998158379373849
0.009925,0.5303983228511531,0.998158379373849
0.009897,0.5314465408805031,0.998158379373849
0.009881,0.5324947589098532,0.998158379373849
0.009879,0.5335429769392034,0.998158379373849
0.009398,0.5345911949685535,0.998158379373849
0.009395,0.5356394129979035,0.998158379373849
0.009311,0.5366876310272537,0.998158379373849
0.009277,0.5377358490566038,0.998158379373849
0.009094,0.5387840670859538,0.998158379373849
0.008973,0.539832285115304,0.998158379373849
0.008779,0.5408805031446541,0.998158379373849
0.008692,0.5419287211740041,0.998158379373849
0.008646,0.5429769392033543,0.998158379373849
0.008615,0.5440251572327044,0.998158379373849
0.008517,0.5450733752620545,0.998158379373849
0.008417,0.5461215932914046,0.998158379373849
0.008341,0.5471698113207547,0.998158379373849
0.008328,0.5482180293501048,0.998158379373849
0.008301,0.549266247379455,0.998158379373849
0.008221,0.550314465408805,0.998158379373849
0.008217,0.5513626834381551,0.998158379373849
0.008186,0.5524109014675053,0.998158379373849
0.008147,0.5534591194968553,0.998158379373849
0.008021,0.5545073375262054,0.998158379373849
0.008,0.5555555555555556,0.998158379373849
0.007967,0.5566037735849056,0.998158379373849
0.007938,0.5576519916142557,0.998158379373849
0.007696,0.5587002096436059,0.998158379373849
0.007657,0.559748427672956,0.998158379373849
0.007608,0.560796645702306,0.998158379373849
0.007524,0.5618448637316562,0.998158379373849
0.007449,0.5628930817610063,0.998158379373849
0.00744,0.5639412997903563,0.998158379373849
0.007405,0.5649895178197065,0.998158379373849
0.007404,0.5660377358490566,0.998158379373849
0.007402,0.5670859538784067,0.998158379373849
0.007355,0.5681341719077568,0.998158379373849
0.007289,0.5691823899371069,0.998158379373849
0.007083,0.570230607966457,0.998158379373849
0.006933,0.5712788259958071,0.998158379373849
0.00684,0.5723270440251572,0.998158379373849
0.006801,0.5733752620545073,0.998158379373849
0.006688,0.5744234800838575,0.998158379373849
0.006654,0.5754716981132075,0.998158379373849
0.006501,0.5765199161425576,0.998158379373849
0.006488,0.5775681341719078,0.998158379373849
0.006419,0.5786163522012578,0.998158379373849
0.006417,0.5796645702306079,0.998158379373849
0.006405,0.5807127882599581,0.998158379373849
0.006375,0.5817610062893082,0.998158379373849
0.006366,0.5828092243186582,0.998158379373849
0.006363,0.5838574423480084,0.998158379373849
0.006331,0.5849056603773585,0.998158379373849
0.006153,0.5859538784067087,0.998158379373849
0.006071,0.5870020964360587,0.998158379373849
0.00607,0.5880503144654088,0.998158379373849
0.005947,0.589098532494759,0.998158379373849
0.005941,0.590146750524109,0.998158379373849
0.00592,0.5911949685534591,0.998158379373849
0.005909,0.5922431865828093,0.998158379373849
0.0059,0.5932914046121593,0.998158379373849
0.005885,0.5943396226415094,0.998158379373849
0.005866,0.5953878406708596,0.998158379373849
0.005806,0.5964360587002097,0.998158379373849
0.005787,0.5974842767295597,0.998158379373849
0.005744,0.5985324947589099,0.998158379373849
0.005653,0.59958071278826,0.998158379373849
0.005598,0.60062893081761,0.998158379373849
0.005555,0.6016771488469602,0.998158379373849
0.0055,0.6027253668763103,0.998158379373849
0.005411,0.6037735849056604,0.998158379373849
0.005319,0.6048218029350105,0.998158379373849
0.005243,0.6058700209643606,0.998158379373849
0.005218,0.6069182389937107,0.998158379373849
0.005061,0.6079664570230608,0.998158379373849
0.004993,0.6090146750524109,0.998158379373849
0.004962,0.610062893081761,0.998158379373849
0.004895,0.6111111111111112,0.998158379373849
0.004856,0.6121593291404612,0.998158379373849
0.004819,0.6132075471698113,0.998158379373849
0.004742,0.6142557651991615,0.998158379373849
0.004695,0.6153039832285115,0.998158379373849
0.004668,0.6163522012578616,0.998158379373849
0.004666,0.6174004192872118,0.998158379373849
0.004647,0.6184486373165619,0.998158379373849
0.00464,0.6194968553459119,0.998158379373849
0.004625,0.6205450733752621,0.998158379373849
0.004622,0.6215932914046122,0.998158379373849
0.00462,0.6226415094339622,0.998158379373849
0.004568,0.6236897274633124,0.998158379373849
0.004518,0.6247379454926625,0.998158379373849
0.004415,0.6257861635220126,0.998158379373849
0.00432,0.6268343815513627,0.998158379373849
0.004319,0.6278825995807128,0.998158379373849
0.004314,0.6289308176100629,0.998158379373849
0.004298,0.629979035639413,0.998158379373849
0.004258,0.6320754716981132,0.998158379373849
0.004255,0.6331236897274634,0.998158379373849
0.004198,0.6341719077568134,0.998158379373849
0.004124,0.6352201257861635,0.998158379373849
0.004074,0.6362683438155137,0.998158379373849
0.004014,0.6373165618448637,0.998158379373849
0.003918,0.6383647798742138,0.998158379373849
0.003912,0.639412997903564,0.998158379373849
0.003911,0.640461215932914,0.998158379373849
0.003877,0.6415094339622641,0.998158379373849
0.00381,0.6415094339622641,1.0
0.0038,0.6425576519916143,1.0
0.003773,0.6436058700209644,1.0
0.003754,0.6446540880503144,1.0
0.00374,0.6457023060796646,1.0
0.003682,0.6467505241090147,1.0
0.003676,0.6477987421383647,1.0
0.003635,0.6488469601677149,1.0
0.003634,0.649895178197065,1.0
0.0036,0.6509433962264151,1.0
0.003571,0.6519916142557652,1.0
0.00356,0.6530398322851153,1.0
0.003548,0.6540880503144654,1.0
0.003543,0.6551362683438156,1.0
0.003514,0.6572327044025157,1.0
0.003513,0.6582809224318659,1.0
0.003486,0.6593291404612159,1.0
0.003483,0.660377358490566,1.0
0.003462,0.6614255765199162,1.0
0.003453,0.6624737945492662,1.0
0.00343,0.6635220125786163,1.0
0.003414,0.6645702306079665,1.0
0.003409,0.6656184486373166,1.0
0.003406,0.6666666666666666,1.0
0.003388,0.6677148846960168,1.0
0.003375,0.6687631027253669,1.0
0.003357,0.6698113207547169,1.0
0.003355,0.6708595387840671,1.0
0.003338,0.6729559748427673,1.0
0.003298,0.6740041928721174,1.0
0.003287,0.6750524109014675,1.0
0.003148,0.6761006289308176,1.0
0.003147,0.6771488469601677,1.0
0.003136,0.6781970649895178,1.0
0.003117,0.6792452830188679,1.0
0.003115,0.6802935010482181,1.0
0.003095,0.6813417190775681,1.0
0.003016,0.6823899371069182,1.0
0.00298,0.6834381551362684,1.0
0.00297,0.6844863731656184,1.0
0.002966,0.6855345911949685,1.0
0.002832,0.6865828092243187,1.0
0.002812,0.6876310272536688,1.0
0.002712,0.6886792452830188,1.0
0.002628,0.689727463312369,1.0
0.002624,0.6907756813417191,1.0
0.002606,0.6918238993710691,1.0
0.002602,0.6928721174004193,1.0
0.002598,0.6939203354297694,1.0
0.002555,0.6949685534591195,1.0
0.002506,0.6960167714884696,1.0
0.002472,0.6970649895178197,1.0
0.002471,0.6981132075471698,1.0
0.002455,0.70020964360587,1.0
0.00245,0.7012578616352201,1.0
0.002431,0.7023060796645703,1.0
0.002373,0.7033542976939203,1.0
0.00231,0.7044025157232704,1.0
0.0023,0.7054507337526206,1.0
0.002253,0.7064989517819706,1.0
0.002236,0.7075471698113207,1.0
0.002235,0.7085953878406709,1.0
0.002229,0.709643605870021,1.0
0.002209,0.710691823899371,1.0
0.002208,0.7117400419287212,1.0
0.002102,0.7127882599580713,1.0
0.002052,0.7138364779874213,1.0
0.002042,0.7148846960167715,1.0
0.002021,0.7159329140461216,1.0
0.00197,0.7169811320754716,1.0
0.001898,0.7180293501048218,1.0
0.001897,0.7190775681341719,1.0
0.001874,0.720125786163522,1.0
0.001846,0.7211740041928721,1.0
0.001844,0.7222222222222222,1.0
0.001778,0.7232704402515723,1.0
0.001743,0.7243186582809225,1.0
0.001726,0.7253668763102725,1.0
0.001698,0.7264150943396226,1.0
0.00168,0.7274633123689728,1.0
0.001674,0.7285115303983228,1.0
0.001671,0.7295597484276729,1.0
0.001663,0.7306079664570231,1.0
0.001655,0.7316561844863732,1.0
0.001632,0.7327044025157232,1.0
0.001608,0.7337526205450734,1.0
0.001573,0.7348008385744235,1.0
0.001514,0.7358490566037735,1.0
0.001496,0.7368972746331237,1.0
0.001489,0.7379454926624738,1.0
0.001481,0.7389937106918238,1.0
0.001475,0.740041928721174,1.0
0.001452,0.7410901467505241,1.0
0.001429,0.7421383647798742,1.0
0.001411,0.7431865828092243,1.0
0.001401,0.7442348008385744,1.0
0.001394,0.7452830188679245,1.0
0.001385,0.7473794549266247,1.0
0.001378,0.7484276729559748,1.0
0.001334,0.749475890985325,1.0
0.001316,0.750524109014675,1.0
0.001305,0.7515723270440252,1.0
0.001231,0.7526205450733753,1.0
0.001192,0.7536687631027253,1.0
0.001162,0.7547169811320755,1.0
0.001134,0.7557651991614256,1.0
0.001107,0.7568134171907757,1.0
0.001053,0.7578616352201258,1.0
0.001052,0.7589098532494759,1.0
0.001039,0.759958071278826,1.0
0.001027,0.7610062893081762,1.0
0.001018,0.7620545073375262,1.0
0.001015,0.7631027253668763,1.0
0.001003,0.7641509433962265,1.0
0.000988,0.7651991614255765,1.0
0.000971,0.7662473794549266,1.0
0.000955,0.7672955974842768,1.0
0.000934,0.7683438155136268,1.0
0.000932,0.7693920335429769,1.0
0.00092,0.7704402515723271,1.0
0.000916,0.7714884696016772,1.0
0.000911,0.7725366876310272,1.0
0.00091,0.7746331236897275,1.0
0.0009,0.7756813417190775,1.0
0.000893,0.7767295597484277,1.0
0.000879,0.7777777777777778,1.0
0.000875,0.7788259958071279,1.0
0.000841,0.779874213836478,1.0
0.000808,0.7809224318658281,1.0
0.000784,0.7819706498951782,1.0
0.000781,0.7830188679245284,1.0
0.000774,0.7840670859538784,1.0
0.000767,0.7851153039832285,1.0
0.00076,0.7861635220125787,1.0
0.000756,0.7872117400419287,1.0
0.000755,0.7882599580712788,1.0
0.000727,0.789308176100629,1.0
0.000703,0.790356394129979,1.0
0.000702,0.7914046121593291,1.0
0.000683,0.7924528301886793,1.0
0.000675,0.7935010482180294,1.0
0.000672,0.7945492662473794,1.0
0.000671,0.7955974842767296,1.0
0.000625,0.7966457023060797,1.0
0.00061,0.7976939203354297,1.0
0.000607,0.7987421383647799,1.0
0.000601,0.79979035639413,1.0
0.0006,0.80083857442348,1.0
0.000581,0.8018867924528302,1.0
0.000563,0.8029350104821803,1.0
0.000545,0.8039832285115304,1.0
0.00054,0.8050314465408805,1.0
0.000523,0.8060796645702306,1.0
0.000513,0.8071278825995807,1.0
0.000508,0.8081761006289309,1.0
0.000501,0.8092243186582809,1.0
0.000496,0.810272536687631,1.0
0.000485,0.8113207547169812,1.0
0.000484,0.8123689727463312,1.0
0.000476,0.8134171907756813,1.0
0.000471,0.8144654088050315,1.0
0.000459,0.8155136268343816,1.0
0.000447,0.8165618448637316,1.0
0.000415,0.8176100628930818,1.0
0.000413,0.8186582809224319,1.0
0.000407,0.8197064989517819,1.0
0.000394,0.8207547169811321,1.0
0.000392,0.8218029350104822,1.0
0.000389,0.8228511530398323,1.0
0.000387,0.8238993710691824,1.0
0.000381,0.8249475890985325,1.0
0.000377,0.8259958071278826,1.0
0.00037,0.8270440251572327,1.0
0.000358,0.8280922431865828,1.0
0.000352,0.8291404612159329,1.0
0.000348,0.8301886792452831,1.0
0.000339,0.8312368972746331,1.0
0.000336,0.8322851153039832,1.0
0.000331,0.8333333333333334,1.0
0.000308,0.8343815513626834,1.0
0.000306,0.8354297693920335,1.0
0.000301,0.8364779874213837,1.0
0.000291,0.8375262054507338,1.0
0.000284,0.8385744234800838,1.0
0.00027,0.839622641509434,1.0
0.000267,0.8406708595387841,1.0
0.000266,0.8417190775681341,1.0
0.000264,0.8427672955974843,1.0
0.000263,0.8438155136268344,1.0
0.000252,0.8448637316561844,1.0
0.000242,0.8459119496855346,1.0
0.000238,0.8469601677148847,1.0
0.000237,0.8480083857442348,1.0
0.000236,0.8490566037735849,1.0
0.000233,0.850104821802935,1.0
0.00023,0.8511530398322851,1.0
0.000229,0.8522012578616353,1.0
0.000226,0.8532494758909853,1.0
0.000224,0.8542976939203354,1.0
0.000217,0.8553459119496856,1.0
0.000212,0.8574423480083857,1.0
0.000211,0.8584905660377359,1.0
0.000206,0.859538784067086,1.0
0.000204,0.860587002096436,1.0
0.000199,0.8637316561844863,1.0
0.000197,0.8647798742138365,1.0
0.000191,0.8658280922431866,1.0
0.000188,0.8668763102725366,1.0
0.000187,0.8679245283018868,1.0
0.000184,0.8689727463312369,1.0
0.00018,0.870020964360587,1.0
0.000174,0.8710691823899371,1.0
0.00017,0.8721174004192872,1.0
0.000165,0.8742138364779874,1.0
0.000164,0.8752620545073375,1.0
0.000162,0.8763102725366876,1.0
0.000158,0.8784067085953878,1.0
0.000156,0.8805031446540881,1.0
0.000154,0.8815513626834381,1.0
0.000153,0.8825995807127882,1.0
0.000145,0.8836477987421384,1.0
0.000143,0.8846960167714885,1.0
0.000142,0.8857442348008385,1.0
0.00014,0.8878406708595388,1.0
0.000138,0.8888888888888888,1.0
0.000135,0.889937106918239,1.0
0.000125,0.8909853249475891,1.0
0.000122,0.8920335429769392,1.0
0.000121,0.8930817610062893,1.0
0.00012,0.8941299790356394,1.0
0.000113,0.8962264150943396,1.0
0.000112,0.8972746331236897,1.0
0.000111,0.89937106918239,1.0
0.00011,0.9014675052410901,1.0
0.000105,0.9025157232704403,1.0
9.8e-05,0.9035639412997903,1.0
9.7e-05,0.9046121593291404,1.0
9e-05,0.9056603773584906,1.0
8.9e-05,0.9067085953878407,1.0
8.1e-05,0.9077568134171907,1.0
8e-05,0.9088050314465409,1.0
6.9e-05,0.909853249475891,1.0
6.8e-05,0.9119496855345912,1.0
6.7e-05,0.9129979035639413,1.0
6.5e-05,0.9140461215932913,1.0
6.3e-05,0.9150943396226415,1.0
6.2e-05,0.9171907756813418,1.0
6e-05,0.9203354297693921,1.0
5.8e-05,0.9224318658280922,1.0
5.6e-05,0.9255765199161425,1.0
5.3e-05,0.9276729559748428,1.0
5.2e-05,0.9287211740041929,1.0
4.9e-05,0.929769392033543,1.0
4.8e-05,0.9339622641509434,1.0
4.6e-05,0.9360587002096437,1.0
4.5e-05,0.9371069182389937,1.0
4.3e-05,0.9381551362683438,1.0
4e-05,0.939203354297694,1.0
3.8e-05,0.940251572327044,1.0
3.7e-05,0.9412997903563941,1.0
3.3e-05,0.9433962264150944,1.0
3.2e-05,0.9444444444444444,1.0
3.1e-05,0.9465408805031447,1.0
2.9e-05,0.950733752620545,1.0
2.8e-05,0.9517819706498952,1.0
2.7e-05,0.9528301886792453,1.0
2.6e-05,0.9549266247379455,1.0
2.5e-05,0.9559748427672956,1.0
2.4e-05,0.9580712788259959,1.0
2.3e-05,0.9591194968553459,1.0
2.2e-05,0.9612159329140462,1.0
2.1e-05,0.9633123689727463,1.0
1.9e-05,0.9654088050314465,1.0
1.7e-05,0.9664570230607966,1.0
1.4e-05,0.9696016771488469,1.0
1.3e-05,0.9716981132075472,1.0
1.2e-05,0.9758909853249476,1.0
1.1e-05,0.980083857442348,1.0
1e-05,0.9821802935010482,1.0
9e-06,0.9832285115303984,1.0
8e-06,0.9853249475890985,1.0
7e-06,0.9863731656184487,1.0
6e-06,0.9874213836477987,1.0
5e-06,0.9905660377358491,1.0
4e-06,0.9926624737945493,1.0
3e-06,0.9968553459119497,1.0
2e-06,0.9979035639412998,1.0
1e-06,1.0,1.0
0.0,1.0,1.0
